algorithm,n_clusters,noise_points,embedding_size,ari,nmi,homogeneity,completeness,v_measure,precision,recall,f1,silhouette,calinski_harabasz,davies_bouldin,labels
K-means++ (n=10),10,0,50,-0.0024188684910478853,0.07044091161974052,0.05476527072359608,0.09868897740655555,0.07044091161974052,0.04023707468736404,0.5164506277574858,0.07465752302467177,0.6371911700844879,1497567.1236433329,0.2933445535131603,"[3 0 0 0 6 5 3 0 6 6 1 0 1 5 5 0 5 0 5 3 0 1 2 1 0 1 0 0 5 5 4 1 0 0 6 5 1
 1 3 1 6 1 1 1 5 0 4 6 5 5 5 0 0 1 0 9 1 1 6 5 3 9 0 0 0 0 0 5 8 0 4 5 1 6
 0 6 0 5 0 0 3 1 6 5 5 9 0 4 3 0 1 1 1 0 0 0 1 0 6 6 0 5 0 0 0 1 5 1 5 5 1
 0 5 1 5 1 5 1 5 0 5 5 1 0 2 5 5 1 6 0 0 0 1 5 1 6 1 1 5 1 3 0 0 0 5 1 6 3
 1 1 5 1 6 1 1 0 1 1 1 5 1 5 0 0 0 3 1 1 5 5 1 1 0 4 0 5 1 1 1 1 1 5 5 0 3
 6 6 5 5 2 0 3 5 0 6 1 6 1 0 1 5 1 5 9 0 1 9 6 5 6 0 0 1 0 9 1 0 6 0 5 0 5
 0 6 1 6 1 5 1 4 6 5 1 6 1 1 1 1 6 6 6 1 1 5 1 0 5 6 1 1 0 1 5 0 0 5 5 0 5
 5 0 1 5 8 6 5 1 0 9 5 6 5 9 1 1 5 5 4 0 4 1 6 0 9 5 1 6 1 1 0 1 1 1 3 0 0
 0 5 6 5 0 0 0 0 6 0 0 5 1 3 1 6 5 5 0 3 5 1 0 1 6 1 5 5 0 0 1 0 5 5 5 0 5
 0 6 5 1 5 0 5 0 0 1 0 0 1 6 0 0 0 9 0 5 1 1 1 1 4 1 1 1 0 1 0 0 7 1 6 1 5
 4 3 6 6 6 0 2 0 0 9 1 5 0 5 1 1 0 0 0 0 0 1 0 0 6 1 1 1 1 6 5 1 3 6 5 4 6
 0 5 3 5 5 1 0 5 9 0 1 1 1 1 1 1 1 1 1 5 6 1 1 1 1 1 5 6 1 5 5 5 5 5 1 1 5
 5 5 6 5 0 0 0 1 5 9 1 1 1 0 1 4 0 5 0 1 5 4 0 1 1 5 1 1 1 5 4 1 6 1 0 5 1
 0 6 1 3 0 0 2 6 5 5 2 5 1 1 4 0 0 1 3 6 0 5 0 1 5 1 1 5 4 6 6 2 3 1 5 0 5
 6 0 0 1 5 4 6 5 0 0 6 1 1 0 1 0 0 1 1 1 0 6 1 6 6 4 5 0 0 1 3 1 6 1 0 1 1
 0 0 0 1 1 1 1 1 1 5 5 1 0 0 0 0 5 4 4 6 6 1 0 0 5 5 1 6 1 3 6 6 1 9 0 1 0
 5 6 1 5 6 1 1 1 1 1 1 0 5 0 1 5 1 1 1 1 5 1 0 0 0 3 0 5 5 6 0 1 4 1 4 1 6
 0 6 0 5 1 1 1 1 2 0 5 3 0 1 1 1 1 1 1 3 6 5 6 0 1 5 0 5 1 1 1 4 0 6 6 1 1
 6 9 5 0 0 0 4 5 0 0 0 5 1 6 1 1 4]"
K-means++ (n=15),15,0,50,0.004695377090871538,0.10261819103620175,0.08765218579702444,0.12374716456178744,0.10261819103620176,0.047082335420761845,0.418070835174467,0.08463341770253514,0.5585885316348175,2131419.504946985,0.41557967945683727,"[ 3  8  8  8 13  0  3  8  5  5  1  8  1  0  0  0 11  8  0  3  8  1  9 10
  8 10  0  0 11 11  2  1  8  8  5 11  1 10  3  1  5  1  1 10 11  8 14 13
  0  0 11  8  8  1  8  4 10  1  5 11  3  4  0  8  8  8  8  0  7  0  2 11
  1 13  8  5  8 11  8  8  3  1  5 11  0  4  8  2  3  0  1 10 10  8  8  0
  1  8 13  5  8  0  8  8  0  1 11 10 11  0 10  8 11  1  0  1  0 10  0  8
  0  0 10  8  9  0  0  1 13  8  8  8  1  0 10 13 10  1  0  1  3  8  8  8
  0 10 13  3 10 10 11 10 13  1 10  8  1  1 10 11 10  0  8  8  8  3  1  1
 11 11  1  1  8 14  8  0  1 10 10 10 10 11  0  0  3 13 13 11 11  9  8  3
 11  8 13  1 13  1  8  1 11 10  0  4  8  1  4 13  0 13  8  8  1  8  4  1
  8 13  8 11  8 11  8  5  1  5 10 11  1  2 13 11  1 13  1  1 10 10 13 13
 13  1 10  0 10  8 11 13 10 10  8  1 11  0  8  0  0  0  0  0  8  1 11  7
 13  0 10  8  4  0 13 11  4 10  1 11  0 14  8 14 10 13  8  4  0 10 13  1
  1  8 10  1  1  3  8  8  8  0 13  0  8  8  8  8 13  8  8  0 10  3 10 13
  0  0  8  3  0  1  8  1  5 10  0 11  8  8 10  8  0 11  0  0  0  8 13  0
 10  0  8  0  8  8  1  8  0  1 13  8  8  8  4  8  0 10 10 10 10 14 10  1
  1  8  1  8  8  6 10 13  1 11  2  3 13  5 13  8  9  8  8  4  1 11  8 11
 10  1  8  8  8  8  8  1  8  8  5  1 10  1  1 13 11  1  3  5 11 14 13  8
  0  3  0 11  1  8  0  4  8 10 10 10 10 10 10  1  1 10 11 13  1  1  1  1
  1  0 13  1 11 11 11  0  0 10 10 11 11 11 13 11  8  8  0 10  0  4  1  1
  1  8  1 14  8 11  8  1 11 14  8 10  1 11  1  1  1 11 14  1 13  1  8  0
  1  8 13  1  3  8  8  9 13  0  0  9  0  1 10 14  8  8  1  3 13  8  0  0
  1 11  1 10 11 14 13  5  9  3  1  0  8  0  5  8  8 10 11  2 13  0  8  8
 13  1 10  8 10  8  8 10 10  1  8 13  1  5 13  2  0  8  8  1  3  1 13 10
  0  1 10  8  8  8  1  1 10  1  1 10  0  0 10  0  8  8  8 11 14  2 13  5
  1  8  0  0 11  1 13 10  3 13 13  1  4  8  1  8  0 13  1 11 13  1  1 10
  1 10 10  8 11  8  1  0  1 10 10  1  0  1  8  0  0 12  8  0  0 13  8 10
  2  1  2 10 13  8 13  8  0 10  1  1 10  9  0 11  3  8 10  1  1 10  1  1
  3 13  0  5  8 10  0  0 11  1 10 10  2  8 13 13 10 10  5  4  0  8  8  8
 14  0  8  8  8  0  1 13 10 10 14]"
K-means++ (n=20),20,0,50,0.0018318463807959085,0.11976598106837782,0.10679584385866799,0.136322010998685,0.11976598106837782,0.05167113861954179,0.3906459816614203,0.09126991357138758,0.5397171347705074,3296363.3386971555,0.38570098295155697,"[ 0 17  1 17  9 15  0  1 18 18  2 17  2 15 15  1  5 17  5  0  1  2 10  7
 17  7  1  1 13  5 14  2  1  1 18  5  2  7  0  2 18  2  2  7  5  1 12  9
 15 15 13 17  1  2 17  4 16  2 18  5  0  4  1 17 17  1 17 15  8 15  3  5
  7  9  1 18  1  5  1  1 19  2 18  5  5  4 17  3  0  1  2  7  7  1  1 15
  2 17  9 18  1 15  1  1  1  7 13  7  5 15  7  1  5  2 15  7 15  7 15 17
 15 15  7  1 10  5  5  2  9 17  1  1  2 15  7  9  7  2 15  2  0 17  1  1
 15  7  9  0  7  7  5  7  9  2  7  1  2  7  7 13  7 15  1  1 17  0  2  2
  5 13  2  2  1 12 17 15  2  7  7  7  7  5  5 15  0  9  9  5  5 10 17  0
  5  1  9  2  9  2  1  2  5  7 15  4 17  2  4  9  5  9  1  1  2  1  4  2
  1  9  1  5  1  5  1 18  7 18  7  5  2  3  9  5  2  9  2  7  7  7  9  9
  9  7  7 15  7  1  5  9  7  7  1  7  5 15 17 15  5  1  5  5 17  2  5  8
  9  5  7 17  4 15  9  5  4  7  2  5 15 12 17 12  7  9 17  4  5  7  9  2
  2  1  7  2  2  0  1  1  1 15  9 15  1  1 17 17  9  1 17 15  7  0  7  9
  5 15 17  0 15  7  1  2 18  7 15  5 17  1  7 17  5  5 15 15 15 17  9 15
  7 15 17 15  1 17  7 17  1  2  9  1 17  1  4  1  5  7  7  7  7 12  7  7
  2 17  7  1 17  6  7  9  2 13  3  0  9 18  9  1 10  1 17  4  2  5 17  5
  7  2  1 17  1  1 17  2  1  1 18  2  7  7  7  9  5  2  0 18 13 12  9 17
 15  0 15  5  2  1  5  4 17  7  7  7  7  7  7  2  2  7 13  9  2  7  2  2
  2 15  9  2  5  5  5 15 15  7  7  5  5  5  9 13 17 17 15  7 15  4  2  2
  2  1  7 12 17  5 17  2  5 12 17  7  7  5  2  2  2 13 12  2  9  2  1 15
  2  1  9  2  0  1  1 10  9 15  5 10 15  2  7 12  1  1  2  0  9  1 15  1
  2  5  2  7 13 12  9 18 10  0  2 15  1 15 18 17 17  7 13  3  9  5  1 17
  9  2  7  1  7  1 17  7  7  2  1  9  2 18  9  3 15 17  1  2  0  2  9  7
  1  2  7 17 17 17  2  7  7  2  2  7  5 15  7 15 17 17  1 13 12  3  9 18
  2 17 15  5  5  7  9  7  0  9  9  2  4 17  2 17 15  9  2  5  9  2  2  7
  2  7  7  1  5  1  2 15  2  7  7  2  5  2  1  1  1 11 17  5 15  9  1  7
  3  2  3  7  9  1  9  1 15  7  2  2  7 10 15  5  0  1  7  2  7  7  2  2
  0  9 15 18  1  7 15 15 13  2  7  7  3  1  9  2  7  7 18  4 15  1 17  1
 12 15  1  1  1 15  2  9  7  7 12]"
K-means++ (n=25),25,0,50,0.005991157067361508,0.14704667006108668,0.13919801652169425,0.15583330093029255,0.14704667006108668,0.07132324122143274,0.35314309683709894,0.11867753940913445,0.5316332019785617,4372325.608327146,0.4303996134530363,"[ 3 16 16 16  8 12 21 16 13 13 24  7 20 12 12  0 23  7 12  3  0 20 11  1
  7  1  0  0  6 23 17 20 16 16 13 23 20  1  3 20 13 20 20  1 23 16  2  8
 12 12  6  7  0 24 16  4 15 24 13 23 21  4  0  7  7 16  7 12 10  0 14 23
  1  8 16 13 16 23  0 16 18 24 13 23 12  4  7 14 21  0 24 19 19  0 16  0
 24  7  8 13  0 12  0 16  0  1  6  1 23 12  1 16 23 24 12  1 12 19 12  7
 12 12  1 16 11 12 12 24  8  7 16 16 24 12 19  8  1 24 12 20  3  7 16 16
 12  1  8 21 19 19 23 19  8 24 19 16 20  1  1  6 19 12 16  0  7  3 20 24
 23  6 24 24 16  2 16 12 20  1 19 19 19 23 12  0  3  8  8 23 23 11  7  3
 23 16  8  1 20 24 16 24 23 19 12  4  7 20  4  8 12  8  0 16 20  0  4 20
 16  8  0 23  0 23 16 13  1 13 19 23 20 14  8 23 24  8 20  1 19 19  8  8
  8  1  1 12  1 16 23  8  1 19 16  1 23  0  7 12 12  0 12 12  7 20 23 10
  8 23 19  7  4 12  8 23  4 19 24 23 12  2 16  2  1 20 16  4 12 19  8 20
 24  0 19 20 24  3  0 16  0 12  8 12 16  0  7 16  8  0  7 12  1  3 19  8
 23 12  7 21 12  1  0 20 13 19 12 23 16  0  1  7 12 23 12  0 12  7  8 12
  1 12  7 12 16  7  1  7  0 24  8  0 16 16  4 16 12 19 19  1  1 22  1  1
 24  7  1 16  7  5 19  8 24 23 14  3  8 13  8 16 11 16  7  4 24 23 16 23
 19 20 16  7 16 16  7 20 16 16 13 20 19  1  1 20 23 24  3 13  6  2  8  7
 12  3 12 23 20 16 12  4 16  1 19 19  1 19 19 24 24 19  6  8 20  1 24 24
 24 12 20 24 23 23 23 12 12 19 19 23 23 23  8  6  7  7  0 19 12  4 20 24
 24  0  1  2 16 23  7 24 23  2  7 19  1 23 24 20 24  6  2 24  8 24 16 12
 24 16  8 20  3 16 16 11  8 12 12 11 12 20 19  2 16  0 24  3  8 16 12  0
 20 23 20  1  6  2  8 13 11  3 20 12  0 12 13 16  7  1  6 14  8 12  0  7
  8 24 19 16 19 16  7 19 19 24 16  8 20 13  8 14 12  7 16 20  3 24  8 19
  0 24 19  7  7  7 20  1  1 20 24 19 12 12 19  0  7  7  0  6 22 14  8 13
 20  7  0 12 23  1  8  1  3  8  8 24  4  7 20  7 12  8 24 23  8 20 24  1
 20 19 19 16 23 16 24 12 24 19  1 24 12 20  0  0  0  9  7 12 12  8 16  1
 14 24 14 19  8 16  8 16 12  1  1 24  1 11  0 23  3 16 19 24  1 19 24 24
  3  8 12 13 16 19 12  0  6 20 19 19 14 16  8 20 19 19 13  4 12 16 16  0
  2 12 16 16  0 12 24  8  1 19  2]"
K-means++ (n=30),30,0,50,0.0015430136675581468,0.16089371325811122,0.15799259711704877,0.16390336501713243,0.16089371325811125,0.07577114038700758,0.3389620920347085,0.12385573305261298,0.5107208068461555,4850797.902192623,0.5098270320488336,"[26  0  0  0  7  5  3 23 16 16 21 17 11  5 27 29  9 17 27 26 23 11  2  1
 17  1 29 29 25  9 19 11  0  0 16  9 11  1 26 11 16 11 11  1 27  0  8 24
  5  5 25 17 23 21  0 10 15 21 16  9  3 10 29 17 17  0 17  5 12 29 28  9
  1 24  0 16 23 27 23  0 18 21 16  9 27 10 17 14  3 29 21 20 20 23 23 29
 21 17  7 16 23  5 23  0 29  1 25  1  9  5  1  0  9 21  5  1  5 20  5 17
  5  5  1  0  2 27 27 21 24 17  0 23 21  5 20  7  1 21  5 11 26 17  0  0
  5  1  7  3 20 20  9 20  7 21 20  0 11  1  1 22 20  5  0 23 17 26 11 21
  9 22 21 21  0  8  0  5 11  1 20 20 20  9 27 29 26 24 24 27 27  2 17 26
  9  0 24 21  7 21  0 21  9 20  5 10 17 11 10 24 27  7 23  0 11 23 10 11
  0 24 23 27 29  9  0 16  1 16 20 27 11 14  7 27 21 24 11  1 20 20  7  7
  7  1  1  5  1 23  9 24  1 20 23  1  9 29 17  5 27 29 27 27 17 11 27 12
  7 27 20 17 10  5 24  9 10 20 21  9  5  8  0  8  1  7  0 10 27 20 24 11
 21 23 20 11 21 26 23  0 23 27  7  5  0 23 17  0 24 23 17  5  1 26 20 24
 27 27 17  3  5  1 23 11 16 20  5  9  0 23  1 17 27  9  5 29 27 17 24 27
  1  5  0  5  0  0  1 17 29 21  7 23  0  0 10  0 27 20 20  1  1  4  1  1
 21 17  1 23 17  6 20 24 21 25 14  3  7 16 24  0  2  0 17 10 21 27  0  9
 20 11  0 17  0  0 17 11  0 23 16 11 20  1  1  7 27 21 26 16 25  8 24 17
  5 26  5  9 11  0 27 10  0  1 20 20  1 20 20 21 21 20 22 24 11  1 21 21
 21  5  7 21  9  9  9  5  5 20 20  9  9  9  7 25 17 17 29 20  5 10 11 21
 21 23  1  8  0  9 17 21  9  8 17 20  1  9 21 11 21 25  8 21 24 21  0  5
 21  0 24 11 26  0  0  2  7 27 27  2  5 11 20  8  0 23 21  3 24  0  5 29
 11  9 11  1 25  8  7 16  2 26 11  5 23  5 16  0 17  1 25 14 24 27 23 17
  7 21 20  0 20  0  0 20 20 21  0  7 11 16 24 14 27  0 23 11 26 21 24 20
 29 21 20 17 17 17 11  1  1 11 21 20 27  5 20 29 17 17 23 22  4 14  7 16
 11 17 29 27  9  1 24  1 26 24  7 21 10 17 11  0  5 24 21  9 24 11 21  1
 11 20 20  0  9  0 21 27 21 20  1 21 27 11 23 29 29 13 17 27  5 24  0  1
 14 21 14 20 24  0 24  0  5  1 21 21  1  2 29 27 26 23 20 21  1 20 21 21
 26 24  5 16  0 20  5 29 25 11 20 20 14  0 24 11 20 20 16 10 27  0  0 23
  8  5  0  0 23 27 21 24  1 20  8]"
K-means++ (n=35),35,0,50,0.0038807600568578045,0.1797077242905916,0.18052223007203866,0.17890053550054058,0.17970772429059162,0.08696828809797556,0.33398833844830234,0.1380018377562844,0.4944733831652458,5070856.806158378,0.5294032431670084,"[19  0 24  0 26 20  3 34 14 14  8 23 27 20  5 16 33 23  5 19 34 27 10 15
 23 15 16 16 21 30 18 27  0 24 14 30 27 15 19 27 14 27 27 15 30 24 29  6
 20 20 21 23 34  8  0  2 17  8 14 33  3  2 16 23 23 24 23 20  9 16 25 33
 15  6 24 14 34 30 34 24 22  8 14 33  5  2 23  4  3 16  8  1  1 16 34 16
  8 23 26 14 34 20 34  0 16 15 21 15 30 20 15 24 30  8 20 15 20  1 20  0
 20 20 15 24 31  5  5  8  6 23  0 34  8 20  1 26 15  8 20 27 19 23  0 24
 20 15 26  3  1  1 30  1 26  8  1 24 27 15 15 13  1 20 24 34 23 19 27  8
 30 13  8  8 24 29  0 20 27 15  1  1  1 33  5 16 19  6  6 30 30 31 23 32
 33 24  6  8 26  8  0  8 33  1 20  2 23 27  2  6  5 26 34  0 27 34  2 27
 24  6 34 30 16 33  0 14 15 14  1 30 27  4 26 30  8  6 27 15  1  1 26 26
 26 15 15 20 15 34 30  6 15  1 24 15 33 16 23 20  5 16  5  5 23 27 30  9
 26  5  1  0  2 20  6 30  2  1  8 33 20 29  0 11 15 26  0  2  5  1  6 27
  8 34  1 27  8 19 34  0 34  5 26 20  0 34 23  0  6 34 23 20 15 19  1  6
  5  5 23  3 20 15 34 27 14  1 20 30  0 34 15 23  5 33 20 16  5  0  6  5
 15 20  0 20  0  0 15 23 16  8 26 34  0 24  2 24  5  1  1 15 15 28 15 15
  8 23 15 34 23  7  1  6  8 21  4 19 26 14  6 24 10 24 23  2  8 30  0 30
  1 27 24  0 24 24  0 27 24 34 14 27  1 15 15 26 30  8 19 14 21 29  6 23
 20 19 20 30 27  0  5  2  0 15  1  1 15  1  1  8  8  1 13  6 27 15  8  8
  8 20 26  8 30 33 30 20 20  1  1 30 30 33 26 21 23 23 16  1 20  2 27  8
  8 34 15 11  0 30 23  8 30 29 23  1 15 30  8 27  8 21 29  8  6  8 24  5
  8 24  6 27 19 24 24 31 26  5  5 10 20 27  1 29  0 34  8 19  6 24 20 16
 27 30 27 15 21 29 26 14 10 32 27 20 34 20 14  0 23 15 21  4  6  5 16 23
 26  8  1 24  1 24  0  1  1  8  0 26 27 14  6  4  5  0 34 27 19  8  6  1
 16  8  1 23 23 23 27 15 15 27  8  1  5 20  1 16 23 23 34 13 28  4 26 14
 27 23 16  5 33 15  6 15 19  6 26  8  2 23 27  0 20  6  8 30  6 27  8 15
 27  1  1 24 30 24  8  5  8  1 15  8  5 27 34 16 16 12 23  5 20  6 24 15
  4  8  4  1  6 24  6 24 20 15  8  8 15 10 16 30 19 34 15  8 15  1  8  8
 19  6 20 14 24  1 20 16 21 27  1  1  4 24  6 27  1  1 14  2  5 24  0 34
 29 20 24 24 34  5  8  6 15  1 11]"
"Hierarchical (ward, n=10)",10,0,50,-0.0026373496656693332,0.06716934862061925,0.05209609110796265,0.09451627997069201,0.06716934862061927,0.04014422550300841,0.5172038558780024,0.07450549814380106,0.6306665406715641,1565673.669649422,0.3707707004655606,"[9 6 6 6 7 3 9 6 7 7 2 6 2 3 3 6 3 6 3 9 6 2 0 2 6 2 6 6 3 3 1 2 6 6 7 3 2
 2 9 2 7 2 2 2 3 6 1 7 3 3 3 6 6 2 6 0 2 2 7 3 9 0 6 6 6 6 6 3 8 6 1 3 2 7
 6 7 6 3 6 6 4 2 7 3 3 0 6 1 9 6 2 2 2 6 6 6 2 6 7 7 6 3 6 6 6 2 3 2 3 3 2
 6 3 2 3 2 3 2 3 6 3 3 2 6 0 3 3 2 7 6 6 6 2 3 2 7 2 2 3 2 9 6 6 6 3 2 7 9
 2 2 3 2 7 2 2 6 2 2 2 3 2 3 6 6 6 9 2 2 3 3 2 2 6 1 6 3 2 2 2 2 2 3 3 6 9
 7 7 3 3 0 6 9 3 6 7 2 7 2 6 2 3 2 3 0 6 2 0 7 3 7 6 6 2 6 0 2 6 7 6 3 6 3
 6 7 2 7 2 3 2 1 7 3 2 7 2 2 2 2 7 7 7 2 2 3 2 6 3 7 2 2 6 2 3 6 6 3 3 6 3
 3 6 2 3 8 7 3 2 6 0 3 7 3 0 2 2 3 3 1 6 1 2 7 6 0 3 2 7 2 2 6 2 2 2 9 6 6
 6 3 7 3 6 6 6 6 7 6 6 3 2 9 2 7 3 3 6 9 3 2 6 2 7 2 3 3 6 6 2 6 3 3 3 6 3
 6 7 3 2 3 6 3 6 6 2 6 6 2 7 6 6 6 0 6 3 2 2 2 2 1 2 2 2 6 2 6 6 5 2 7 2 3
 1 9 7 7 7 6 0 6 6 0 2 3 6 3 2 2 6 6 6 6 6 2 6 6 7 2 2 2 2 7 3 2 9 7 3 1 7
 6 3 9 3 3 2 6 3 0 6 2 2 2 2 2 2 2 2 2 3 7 2 2 2 2 2 3 7 2 3 3 3 3 3 2 2 3
 3 3 7 3 6 6 6 2 3 0 2 2 2 6 2 1 6 3 6 2 3 1 6 2 2 3 2 7 2 3 1 2 7 2 6 3 2
 6 7 2 9 6 6 0 7 3 3 0 3 2 2 1 6 6 2 9 7 6 3 6 2 3 2 2 3 1 7 7 0 9 2 3 6 3
 7 6 6 2 3 1 7 3 6 6 7 2 2 6 2 6 6 2 2 2 6 7 2 7 7 1 3 6 6 2 9 2 7 2 6 2 2
 6 6 6 2 2 2 2 2 2 3 3 2 6 6 6 6 3 1 1 7 7 2 6 6 3 3 2 7 2 9 7 7 2 0 6 2 6
 3 7 2 3 7 2 2 2 2 2 2 6 3 6 2 3 2 2 2 2 3 2 6 6 6 4 6 3 3 7 6 2 1 2 1 2 7
 6 7 6 3 2 2 2 2 0 6 3 9 6 2 2 2 2 2 2 9 7 3 7 6 2 3 6 3 2 2 2 1 6 7 2 2 2
 7 0 3 6 6 6 1 3 6 6 6 3 2 7 2 2 1]"
"Hierarchical (complete, n=10)",10,0,50,0.002287692176324924,0.05378421689151641,0.036865381973122974,0.09940445804432638,0.0537842168915164,0.03651632614190333,0.6359421489669849,0.06906678041436243,0.8100476994865373,742546.5071559534,0.20467260709806348,"[7 0 0 0 2 0 7 0 2 2 2 0 2 0 0 0 0 0 0 7 0 2 5 2 0 2 0 0 0 0 9 2 0 0 2 0 2
 2 7 2 2 2 2 2 0 0 1 2 0 0 0 0 0 2 0 5 8 2 2 0 7 5 0 0 0 0 0 0 6 0 1 0 2 2
 0 2 0 0 0 0 3 2 2 0 0 5 0 1 7 0 2 2 2 0 0 0 2 0 2 2 0 0 0 0 0 2 0 2 0 0 2
 0 0 2 0 2 0 2 0 0 0 0 2 0 5 0 0 2 2 0 0 0 2 0 2 2 2 2 0 2 7 0 0 0 0 2 2 7
 2 2 0 2 2 2 2 0 2 2 2 0 2 0 0 0 0 7 2 2 0 0 2 2 0 1 0 0 2 2 2 2 2 0 0 0 7
 2 2 0 0 5 0 7 0 0 2 2 2 2 0 2 0 2 0 5 0 2 5 2 0 2 0 0 2 0 5 2 0 2 0 0 0 0
 0 2 2 2 2 0 2 1 2 0 2 2 2 2 2 2 2 2 2 2 2 0 2 0 0 2 2 2 0 2 0 0 0 0 0 0 0
 0 0 2 0 6 2 0 2 0 5 0 2 0 5 2 2 0 0 1 0 1 2 2 0 5 0 2 2 2 2 0 2 2 2 7 0 0
 0 0 2 0 0 0 0 0 2 0 0 0 2 7 2 2 0 0 0 7 0 2 0 2 2 2 0 0 0 0 2 0 0 0 0 0 0
 0 2 0 2 0 0 0 0 0 2 0 0 2 2 0 0 0 5 0 0 2 2 2 2 1 2 2 2 0 2 0 0 4 2 2 2 0
 1 7 2 2 2 0 5 0 0 5 2 0 0 0 2 2 0 0 0 0 0 2 0 0 2 2 2 2 2 2 0 2 7 2 0 1 2
 0 0 7 0 0 2 0 0 5 0 2 2 2 2 2 2 2 2 2 0 2 2 2 2 2 2 0 2 2 0 0 0 0 0 2 2 0
 0 0 2 0 0 0 0 2 0 5 2 2 2 0 2 1 0 0 0 2 0 1 0 2 2 0 2 2 2 0 1 2 2 2 0 0 2
 0 2 2 7 0 0 5 2 0 0 5 0 2 2 1 0 0 2 7 2 0 0 0 2 0 2 2 0 1 2 2 5 7 2 0 0 0
 2 0 0 2 0 1 2 0 0 0 2 2 2 0 2 0 0 2 2 2 0 2 2 2 2 1 0 0 0 2 7 2 2 2 0 2 2
 0 0 0 2 2 2 2 2 2 0 0 2 0 0 0 0 0 1 1 2 2 2 0 0 0 0 2 2 2 7 2 2 2 5 0 2 0
 0 2 2 0 2 2 2 2 2 2 2 0 0 0 2 0 2 2 2 2 0 2 0 0 0 3 0 0 0 2 0 2 1 2 1 2 2
 0 2 0 0 2 2 2 2 5 0 0 7 0 2 2 2 2 2 2 7 2 0 2 0 2 0 0 0 2 2 2 1 0 2 2 2 2
 2 5 0 0 0 0 1 0 0 0 0 0 2 2 2 2 1]"
"Hierarchical (average, n=10)",10,0,50,0.002277553826629123,0.05283936578185216,0.036182152913017136,0.09791794536728912,0.05283936578185216,0.03676084505737186,0.6359421489669849,0.06950398916399346,0.8099239029353087,736481.1038474793,0.13577456038128113,"[0 3 3 3 1 3 0 3 1 1 1 3 1 3 3 3 3 3 3 0 3 1 2 1 3 1 3 3 3 3 9 1 3 3 1 3 1
 1 0 1 1 1 1 1 3 3 5 1 3 3 3 3 3 1 3 2 8 1 1 3 0 2 3 3 3 3 3 3 7 3 5 3 1 1
 3 1 3 3 3 3 0 1 1 3 3 2 3 5 0 3 1 1 1 3 3 3 1 3 1 1 3 3 3 3 3 1 3 1 3 3 1
 3 3 1 3 1 3 1 3 3 3 3 1 3 2 3 3 1 1 3 3 3 1 3 1 1 1 1 3 1 0 3 3 3 3 1 1 0
 1 1 3 1 1 1 1 3 1 1 1 3 1 3 3 3 3 0 1 1 3 3 1 1 3 5 3 3 1 1 1 1 1 3 3 3 0
 1 1 3 3 2 3 0 3 3 1 1 1 1 3 1 3 1 3 2 3 1 2 1 3 1 3 3 1 3 2 1 3 1 3 3 3 3
 3 1 1 1 1 3 1 5 1 3 1 1 1 1 1 1 1 1 1 1 1 3 1 3 3 1 1 1 3 1 3 3 3 3 3 3 3
 3 3 1 3 7 1 3 1 3 2 3 1 3 2 1 1 3 3 5 3 5 1 1 3 2 3 1 1 1 1 3 1 1 1 0 3 3
 3 3 1 3 3 3 3 3 1 3 3 3 1 0 1 1 3 3 3 0 3 1 3 1 1 1 3 3 3 3 1 3 3 3 3 3 3
 3 1 3 1 3 3 3 3 3 1 3 3 1 1 3 3 3 2 3 3 1 1 1 1 5 1 1 1 3 1 3 3 4 1 1 1 3
 5 0 1 1 1 3 2 3 3 2 1 3 3 3 1 1 3 3 3 3 3 1 3 3 1 1 1 1 1 1 3 1 0 1 3 5 1
 3 3 0 3 3 1 3 3 2 3 1 1 1 1 1 1 1 1 1 3 1 1 1 1 1 1 3 1 1 3 3 3 3 3 1 1 3
 3 3 1 3 3 3 3 1 3 2 1 1 1 3 1 5 3 3 3 1 3 5 3 1 1 3 1 1 1 3 5 1 1 1 3 3 1
 3 1 1 0 3 3 2 1 3 3 2 3 1 1 5 3 3 1 0 1 3 3 3 1 3 1 1 3 5 1 1 2 0 1 3 3 3
 1 3 3 1 3 5 1 3 3 3 1 1 1 3 1 3 3 1 1 1 3 1 1 1 1 5 3 3 3 1 0 1 1 1 3 1 1
 3 3 3 1 1 1 1 1 1 3 3 1 3 3 3 3 3 5 5 1 1 1 3 3 3 3 1 1 1 0 1 1 1 2 3 1 3
 3 1 1 3 1 1 1 1 1 1 1 3 3 3 1 3 1 1 1 1 3 1 3 3 3 6 3 3 3 1 3 1 5 1 5 1 1
 3 1 3 3 1 1 1 1 2 3 3 0 3 1 1 1 1 1 1 0 1 3 1 3 1 3 3 3 1 1 1 5 3 1 1 1 1
 1 2 3 3 3 3 5 3 3 3 3 3 1 1 1 1 5]"
"Hierarchical (ward, n=15)",15,0,50,0.0041183262874047505,0.1012604142764314,0.08513818599105394,0.12491499460115314,0.10126041427643141,0.04656677236757287,0.45122273411835606,0.08442117028578743,0.5976363232729819,2134191.9038961697,0.4355789669857713,"[ 9  0  0  0 12  7  9  0  6  6  5  0  5  7  7  0  7  0  7  9  0  5 13  1
  0  1  0  0 14  7  3  5  0  0  6  7  5  1  9  5  6  5  5  1  7  0  2 12
  7  7 14  0  0  5  0 10  1  5  6  7  9 10  0  0  0  0  0  7  8  0  3  7
  1 12  0  6  0  7  0  0  4  5  6  7  7 10  0  3  9  0  5  1  1  0  0  0
  5  0 12  6  0  7  0  0  0  1 14  1  7  7  1  0  7  5  7  1  7  1  7  0
  7  7  1  0 13  7  7  5 12  0  0  0  5  7  1 12  1  5  7  5  9  0  0  0
  7  1 12  9  1  1  7  1 12  5  1  0  5  1  1 14  1  7  0  0  0  9  5  5
  7 14  5  5  0  2  0  7  5  1  1  1  1  7  7  0  9 12 12  7  7 13  0  9
  7  0 12  5 12  5  0  5  7  1  7 10  0  5 10 12  7 12  0  0  5  0 10  5
  0 12  0  7  0  7  0  6  1  6  1  7  5  3 12  7  5 12  5  1  1  1 12 12
 12  1  1  7  1  0  7 12  1  1  0  1  7  0  0  7  7  0  7  7  0  5  7  8
 12  7  1  0 10  7 12  7 10  1  5  7  7  2  0  2  1 12  0 10  7  1 12  5
  5  0  1  5  5  9  0  0  0  7 12  7  0  0  0  0 12  0  0  7  1  9  1 12
  7  7  0  9  7  1  0  5  6  1  7  7  0  0  1  0  7  7  7  0  7  0 12  7
  1  7  0  7  0  0  1  0  0  5  6  0  0  0 10  0  7  1  1  1  1  2  1  1
  5  0  1  0  0 11  1 12  5 14  3  9 12  6 12  0 13  0  0 10  5  7  0  7
  1  5  0  0  0  0  0  5  0  0  6  5  1  1  1 12  7  5  9  6 14  2 12  0
  7  9  7  7  5  0  7 10  0  1  1  1  1  1  1  5  5  1 14 12  5  1  5  5
  5  7 12  5  7  7  7  7  7  1  1  7  7  7 12 14  0  0  0  1  7 10  5  5
  5  0  1  2  0  7  0  5  7  2  0  1  1  7  5 12  5 14  2  5 12  5  0  7
  5  0 12  5  9  0  0 13 12  7  7 13  7  5  1  2  0  0  5  9 12  0  7  0
  5  7  5  1 14  2 12  6 13  9  5  7  0  7  6  0  0  1 14  3 12  7  0  0
 12  5  1  0  1  0  0  1  1  5  0 12  5  6 12  3  7  0  0  5  9  5 12  1
  0  5  1  0  0  0  5  5  1  5  5  1  7  7  1  0  0  0  0 14  2  3 12  6
  5  0  0  7  7  1 12  1  9 12 12  5 10  0  5  0  7  6  5  7 12  5  5  1
  5  1  1  0  7  0  5  7  5  1  1  5  7  5  0  0  0  4  0  7  7 12  0  1
  3  5  3  1 12  0 12  0  7  1  5  5  1 13  0  7  9  0  1  5  1  1  5  5
  9 12  7  6  0  1  7  0 14  5  1  1  3  0 12  5  1  1  6 10  7  0  0  0
  2  7  0  0  0  7  5 12  1  1  2]"
"Hierarchical (complete, n=15)",15,0,50,2.1062343555237423e-05,0.08537667373352291,0.06516372307906491,0.12376788260789524,0.08537667373352292,0.03769930439908887,0.557729286055869,0.07062477840118853,0.6248161243837755,1273039.380900568,0.27255085537010515,"[ 7  4  4  4  1  0  7  4  5  5  1  4  1  0  0  4  0  4  0  7  4  1 11  1
  4  1  4  4  0  0  9  1  4  4  5  0  1  1  7  1  5  1  1  1  0  4  3  1
  0  0  0  4  4  1  4  6  8  1  5  0  7  6  4  4  4  4  4  0 14  4  2  0
  1  1  4  5  4  0  4  4 13  1  5  0  0  6  4  2  7  4  1  1  1  4  4  4
  1  4  1  5  4  0  4  4  4  1  0  1  0  0  1  4  0  1  0  1  0  1  0  4
  0  0  1  4 11  0  0  1  1  4  4  4  1  0  1  1  1  1  0  1  7  4  4  4
  0  1  1  7  1  1  0  1  1  1  1  4  1  1  1  0  1  0  4  4  4  7  1  1
  0  0  1  1  4  3  4  0  1  1  1  1  1  0  0  4  7  1  1  0  0 11  4  7
  0  4  1  1  1  1  4  1  0  1  0  6  4  1  6  1  0  1  4  4  1  4  6  1
  4  1  4  0  4  0  4  5  1  5  1  0  1  2  1  0  1  1  1  1  1  1  1  1
  1  1  1  0  1  4  0  1  1  1  4  1  0  4  4  0  0  4  0  0  4  1  0 14
  1  0  1  4  6  0  1  0  6  1  1  0  0  3  4  3  1  1  4  6  0  1  1  1
  1  4  1  1  1  7  4  4  4  0  1  0  4  4  4  4  1  4  4  0  1  7  1  1
  0  0  4  7  0  1  4  1  5  1  0  0  4  4  1  4  0  0  0  4  0  4  1  0
  1  0  4  0  4  4  1  4  4  1  5  4  4  4  6  4  0  1  1  1  1  3  1  1
  1  4  1  4  4 10  1  1  1  0  2  7  1  5  1  4 11  4  4  6  1  0  4  0
  1  1  4  4  4  4  4  1  4  4  5  1  1  1  1  1  0  1  7  5  0  3  1  4
  0  7  0  0  1  4  0  6  4  1  1  1  1  1  1  1  1  1  0  1  1  1  1  1
  1  0  1  1  0  0  0  0  0  1  1  0  0  0  1  0  4  4  4  1  0  6  1  1
  1  4  1  3  4  0  4  1  0  3  4  1  1  0  1  1  1  0  3  1  1  1  4  0
  1  4  1  1  7  4  4 11  1  0  0 11  0  1  1  3  4  4  1  7  1  4  0  4
  1  0  1  1  0  3  1  5 11  7  1  0  4  0  5  4  4  1  0  2  1  0  4  4
  1  1  1  4  1  4  4  1  1  1  4  1  1  5  1  2  0  4  4  1  7  1  1  1
  4  1  1  4  4  4  1  1  1  1  1  1  0  0  1  4  4  4  4  0  3  2  1  5
  1  4  4  0  0  1  1  1  7  1  1  1  6  4  1  4  0  5  1  0  1  1  1  1
  1  1  1  4  0  4  1  0  1  1  1  1  0  1  4  4  4 12  4  0  0  1  4  1
  2  1  2  1  1  4  1  4  0  1  1  1  1 11  4  0  7  4  1  1  1  1  1  1
  7  1  0  5  4  1  0  4  0  1  1  1  2  4  1  1  1  1  5  6  0  4  4  4
  3  0  4  4  4  0  1  1  1  1  3]"
"Hierarchical (average, n=15)",15,0,50,8.665612871041217e-05,0.08019831343783035,0.06077647809982652,0.11786272869940016,0.08019831343783036,0.03687795139863223,0.5621179693977622,0.06921502613302369,0.6283813370675755,1182950.0735796485,0.23572142194514326,"[ 2  6  6  6  3  1  2  6  3 14  3  6  3  1  1  6  1  6  1  2  6  3  5  3
  6  3  6  6  1  1  9  3  6  6 14  1  3  3  2  3  3  3  3  3  1  6  0  3
  1  1  1  6  6  3  6 11  8  3 14  1  2 11  6  6  6  6  6  1  7  6  0  1
  3  3  6 14  6  1  6  6 10  3 14  1  1 11  6  0  2  6  3  3  3  6  6  6
  3  6  3 14  6  1  6  6  6  3  1  3  1  1  3  6  1  3  1  3  1  3  1  6
  1  1  3  6  5  1  1  3  3  6  6  6  3  1  3  3  3  3  1  3  2  6  6  6
  1  3  3  2  3  3  1  3  3  3  3  6  3  3  3  1  3  1  6  6  6  2  3  3
  1  1  3  3  6  0  6  1  3  3  3  3  3  1  1  6  2  3  3  1  1  5  6  2
  1  6  3  3  3  3  6  3  1  3  1 11  6  3 11  3  1  3  6  6  3  6 11  3
  6  3  6  1  6  1  6  3  3 14  3  1  3  0  3  1  3  3  3  3  3  3  3  3
  3  3  3  1  3  6  1  3  3  3  6  3  1  6  6  1  1  6  1  1  6  3  1  7
  3  1  3  6 11  1  3  1 11  3  3  1  1  0  6  0  3  3  6 11  1  3  3  3
  3  6  3  3  3  2  6  6  6  1  3  1  6  6  6  6  3  6  6  1  3  2  3  3
  1  1  6  2  1  3  6  3 14  3  1  1  6  6  3  6  1  1  1  6  1  6  3  1
  3  1  6  1  6  6  3  6  6  3  3  6  6  6 11  6  1  3  3  3  3 12  3  3
  3  6  3  6  6  4  3  3  3  1  0  2  3 14  3  6  5  6  6 11  3  1  6  1
  3  3  6  6  6  6  6  3  6  6 14  3  3  3  3  3  1  3  2 14  1  0  3  6
  1  2  1  1  3  6  1 11  6  3  3  3  3  3  3  3  3  3  1  3  3  3  3  3
  3  1  3  3  1  1  1  1  1  3  3  1  1  1  3  1  6  6  6  3  1 11  3  3
  3  6  3  0  6  1  6  3  1  0  6  3  3  1  3  3  3  1  0  3  3  3  6  1
  3  6  3  3  2  6  6  5  3  1  1  5  1  3  3  0  6  6  3  2  3  6  1  6
  3  1  3  3  1  0  3 14  5  2  3  1  6  1 14  6  6  3  1  0  3  1  6  6
  3  3  3  6  3  6  6  3  3  3  6  3  3 14  3  0  1  6  6  3  2  3  3  3
  6  3  3  6  6  6  3  3  3  3  3  3  1  1  3  6  6  6  6  1 12  0  3 14
  3  6  6  1  1  3  3  3  2  3  3  3 11  6  3  6  1  3  3  1  3  3  3  3
  3  3  3  6  1  6  3  1  3  3  3  3  1  3  6  6  6 13  6  1  1  3  6  3
  0  3  0  3  3  6  3  6  1  3  3  3  3  5  6  1  2  6  3  3  3  3  3  3
  2  3  1 14  6  3  1  6  1  3  3  3  0  6  3  3  3  3 14 11  1  6  6  6
  0  1  6  6  6  1  3  3  3  3  0]"
"Hierarchical (ward, n=20)",20,0,50,0.002802758537417156,0.12707315692633261,0.11477567341893624,0.14232206064802488,0.12707315692633261,0.05425807788610225,0.3937711534135918,0.09537442835698998,0.5367959428103313,3165080.580495241,0.44928213323792293,"[ 4  3  3  3 12  9  4  3  6  6  5 15  5  9  9 19  8 15  9  4  3  5 13  1
 15  1 19 19 14  8 17  5  3  3  6  8  5  1  4  5  6  5  5  1  8  3  2 12
  9  9 14 15 19  5  3 10 16  5  6  8  4 10 19 15 15  3 15  9 18 19  7  8
  1 12  3  6  3  8  3  3  0  5  6  8  9 10 15  7  4 19  5  1  1 19  3 19
  5 15 12  6  3  9  3  3 19  1 14  1  8  9  1  3  8  5  9  1  9  1  9  3
  9  9  1  3 13  9  9  5 12 15  3  3  5  9  1 12  1  5  9  5  4 15  3  3
  9  1 12  4  1  1  8  1 12  5  1  3  5  1  1 14  1  9  3  3 15  4  5  5
  8 14  5  5  3  2  3  9  5  1  1  1  1  8  9 19  4 12 12  8  8 13 15  4
  8  3 12  5 12  5  3  5  8  1  9 10 15  5 10 12  9 12 19  3  5  3 10  5
  3 12 19  8 19  8  3  6  1  6  1  8  5  7 12  8  5 12  5  1  1  1 12 12
 12  1  1  9  1  3  8 12  1  1  3  1  8 19 15  9  8 19  9  9 15  5  8 18
 12  8  1  3 10  9 12  8 10  1  5  8  9  2  3  2  1 12  3 10  9  1 12  5
  5  3  1  5  5  4 19  3  3  9 12  9  3  3 15  3 12  3 15  9  1  4  1 12
  8  9 15  4  9  1  3  5  6  1  9  8  3  3  1 15  9  8  9 19  9 15 12  9
  1  9  3  9  3  3  1 15 19  5  6 19  3  3 10  3  9  1  1  1  1  2  1  1
  5 15  1  3 15 11  1 12  5 14  7  4 12  6 12  3 13  3 15 10  5  8  3  8
  1  5  3  3  3  3 15  5  3  3  6  5  1  1  1 12  8  5  4  6 14  2 12 15
  9  4  9  8  5  3  9 10  3  1  1  1  1  1  1  5  5  1 14 12  5  1  5  5
  5  9 12  5  8  8  8  9  9  1  1  8  8  8 12 14 15 15 19  1  9 10  5  5
  5  3  1  2  3  8 15  5  8  2 15  1  1  8  5 12  5 14  2  5 12  5  3  9
  5  3 12  5  4  3  3 13 12  9  9 13  9  5  1  2  3 19  5  4 12  3  9 19
  5  8  5  1 14  2 12  6 13  4  5  9  3  9  6  3 15  1 14  7 12  9 19 15
 12  5  1  3  1  3  3  1  1  5  3 12  5  6 12  7  9  3  3  5  4  5 12  1
 19  5  1 15 15 15  5  5  1  5  5  1  9  9  1 19 15 15 19 14  2  7 12  6
  5 15 19  9  8  1 12  1  4 12 12  5 10 15  5  3  9  6  5  8 12  5  5  1
  5  1  1  3  8  3  5  9  5  1  1  5  9  5  3 19 19  0 15  9  9 12  3  1
  7  5  7  1 12  3 12  3  9  1  5  5  1 13 19  8  4  3  1  5  1  1  5  5
  4 12  9  6  3  1  9 19 14  5  1  1  7  3 12  5  1  1  6 10  9  3  3  3
  2  9  3  3  3  9  5 12  1  1  2]"
"Hierarchical (complete, n=20)",20,0,50,0.0029882779056037544,0.10663616761312864,0.08759851454079125,0.13624639012931528,0.10663616761312865,0.045859130719468746,0.46769648392481,0.08352806816531498,0.5777531666631732,1867759.6870998186,0.31580529599353924,"[ 5  1  1  1  3  0  8  1  2  2  3  1  3  0  0  1  0  1  0  5  1  3 11  7
  1  7  1  1 15  0 19  3  1  1  2  0  3  7  5  3  2  3  3  7  0  1 16  3
  0  0 15  1  1  3  1  6 17  3  2  0  8  6  1  1  1  1  1  0 14  1  9  0
  7  3  1  2  1  0  1  1 13  3  2  0  0  6  1  4  8  1  3  7  7  1  1  1
  3  1  3  2  1  0  1  1  1  7 15  7  0  0  7  1  0  3  0  7  0  7  0  1
  0  0  7  1 11  0  0  3  3  1  1  1  3  0  7  3  7  3  0  3  5  1  1  1
  0  7  3  8  7  7  0  7  3  3  7  1  3  7  7 15  7  0  1  1  1  5  3  3
  0 15  3  3  1 16  1  0  3  7  7  7  7  0  0  1  5  3  3  0  0 11  1  5
  0  1  3  3  3  3  1  3  0  7  0  6  1  3  6  3  0  3  1  1  3  1  6  3
  1  3  1  0  1  0  1  2  7  2  7  0  3  4  3  0  3  3  3  7  7  7  3  3
  3  7  7  0  7  1  0  3  7  7  1  7  0  1  1  0  0  1  0  0  1  3  0 14
  3  0  7  1  6  0  3  0  6  7  3  0  0 16  1 16  7  3  1  6  0  7  3  3
  3  1  7  3  3  5  1  1  1  0  3  0  1  1  1  1  3  1  1  0  7  5  7  3
  0  0  1  8  0  7  1  3  2  7  0  0  1  1  7  1  0  0  0  1  0  1  3  0
  7  0  1  0  1  1  7  1  1  3  2  1  1  1  6  1  0  7  7  7  7 18  7  7
  3  1  7  1  1 10  7  3  3  0  4  5  3  2  3  1 11  1  1  6  3  0  1  0
  7  3  1  1  1  1  1  3  1  1  2  3  7  7  7  3  0  3  5  2 15 16  3  1
  0  5  0  0  3  1  0  6  1  7  7  7  7  7  7  3  3  7 15  3  3  7  3  3
  3  0  3  3  0  0  0  0  0  7  7  0  0  0  3 15  1  1  1  7  0  6  3  3
  3  1  7 16  1  0  1  3  0 16  1  7  7  0  3  3  3 15 16  3  3  3  1  0
  3  1  3  3  5  1  1 11  3  0  0 11  0  3  7 16  1  1  3  5  3  1  0  1
  3  0  3  7 15 16  3  2 11  5  3  0  1  0  2  1  1  7  0  4  3  0  1  1
  3  3  7  1  7  1  1  7  7  3  1  3  3  2  3  4  0  1  1  3  5  3  3  7
  1  3  7  1  1  1  3  7  7  3  3  7  0  0  7  1  1  1  1 15 18  4  3  2
  3  1  1  0  0  7  3  7  5  3  3  3  6  1  3  1  0  2  3  0  3  3  3  7
  3  7  7  1  0  1  3  0  3  7  7  3  0  3  1  1  1 12  1  0  0  3  1  7
  4  3  4  7  3  1  3  1  0  7  3  3  7 11  1  0  5  1  7  3  7  7  3  3
  5  3  0  2  1  7  0  1  0  3  7  7  4  1  3  3  7  7  2  6  0  1  1  1
 16  0  1  1  1  0  3  3  7  7 16]"
"Hierarchical (average, n=20)",20,0,50,0.0003929099851713087,0.10889964241859652,0.08847023423757922,0.141597000382577,0.10889964241859652,0.043403402416685145,0.5065420911721199,0.07995574281611055,0.5840077797953878,1734715.1569512698,0.31437800057672377,"[ 2  6  6  6  0 16  4  6  0 14  8  6  8 16 16  6 16  6 16  2  6  8  5  8
  6  8  6  6  1 16 19  8  6  6 14 16  8  8  2  8  0  8  8  8 16  6  7  0
 16 16  1  6  6  8  6 11 17  8 14 16  4 11  6  6  6  6  6 16 15  6 18 16
  8  0  6 14  6 16  6  6 10  8 14 16 16 11  6  3  4  6  8  8  8  6  6  6
  8  6  0 14  6 16  6  6  6  8  1  8 16 16  8  6 16  8 16  8 16  8 16  6
 16 16  8  6  5 16 16  8  0  6  6  6  8 16  8  0  8  8 16  8  2  6  6  6
 16  8  0  4  8  8 16  8  0  8  8  6  8  8  8  1  8 16  6  6  6  2  8  8
 16  1  8  8  6  7  6 16  8  8  8  8  8 16 16  6  2  0  0 16 16  5  6  2
 16  6  0  8  0  8  6  8 16  8 16 11  6  8 11  0 16  0  6  6  8  6 11  8
  6  0  6 16  6 16  6  0  8 14  8 16  8  3  0 16  8  0  8  8  8  8  0  0
  0  8  8 16  8  6 16  0  8  8  6  8 16  6  6 16 16  6 16 16  6  8 16 15
  0 16  8  6 11 16  0 16 11  8  8 16 16  7  6  7  8  0  6 11 16  8  0  8
  8  6  8  8  8  2  6  6  6 16  0 16  6  6  6  6  0  6  6 16  8  2  8  0
 16 16  6  4 16  8  6  8 14  8 16 16  6  6  8  6 16 16 16  6 16  6  0 16
  8 16  6 16  6  6  8  6  6  8  0  6  6  6 11  6 16  8  8  8  8 12  8  8
  8  6  8  6  6  9  8  0  8  1  3  2  0 14  0  6  5  6  6 11  8 16  6 16
  8  8  6  6  6  6  6  8  6  6 14  8  8  8  8  0 16  8  2 14  1  7  0  6
 16  2 16 16  8  6 16 11  6  8  8  8  8  8  8  8  8  8  1  0  8  8  8  8
  8 16  0  8 16 16 16 16 16  8  8 16 16 16  0  1  6  6  6  8 16 11  8  8
  8  6  8  7  6 16  6  8 16  7  6  8  8 16  8  0  8  1  7  8  0  8  6 16
  8  6  0  8  2  6  6  5  0 16 16  5 16  8  8  7  6  6  8  2  0  6 16  6
  0 16  8  8  1  7  0 14  5  2  8 16  6 16 14  6  6  8  1  3  0 16  6  6
  0  8  8  6  8  6  6  8  8  8  6  0  8 14  0  3 16  6  6  8  2  8  0  8
  6  8  8  6  6  6  8  8  8  8  8  8 16 16  8  6  6  6  6  1 12  3  0 14
  8  6  6 16 16  8  0  8  2  0  0  8 11  6  8  6 16  0  8 16  0  8  8  8
  8  8  8  6 16  6  8 16  8  8  8  8 16  8  6  6  6 13  6 16 16  0  6  8
  3  8  3  8  0  6  0  6 16  8  8  8  8  5  6 16  2  6  8  8  8  8  8  8
  2  0 16 14  6  8 16  6  1  8  8  8  3  6  0  0  8  8 14 11 16  6  6  6
  7 16  6  6  6 16  8  0  8  8  7]"
"Hierarchical (ward, n=25)",25,0,50,0.006021125529463625,0.147180366084703,0.13872712564667689,0.15673063796212514,0.14718036608470297,0.06918993888602923,0.36930502630975043,0.11654497419037173,0.5143558990458741,4051037.7614569333,0.4272103702324577,"[ 4  0  0  0  2  1 24  0  6  6 11 15  7  1  1  9  8 15  1  4  0  7 13 21
 15 21  9  9 14  8 17  7  0  0  6  8  7 21  4  7  6  7  7 21  8  0 12  2
  1  1 14 15  9 11  0 10 16 11  6  8 24 10  9 15 15  0 15  1 18  9  3  8
 21  2  0  6  0  8  0  0 20 11  6  8  1 10 15  3 24  9 11  5  5  9  0  9
 11 15  2  6  0  1  0  0  9 21 14 21  8  1 21  0  8 11  1 21  1  5  1  0
  1  1 21  0 13  1  1 11  2 15  0  0 11  1  5  2 21 11  1  7  4 15  0  0
  1 21  2 24  5  5  8  5  2 11  5  0  7 21 21 14  5  1  0  0 15  4  7 11
  8 14 11 11  0 12  0  1  7 21  5  5  5  8  1  9  4  2  2  8  8 13 15  4
  8  0  2 11  2 11  0 11  8  5  1 10 15  7 10  2  1  2  9  0  7  0 10  7
  0  2  9  8  9  8  0  6 21  6  5  8  7  3  2  8 11  2  7 21  5  5  2  2
  2 21 21  1 21  0  8  2 21  5  0 21  8  9 15  1  8  9  1  1 15  7  8 18
  2  8  5  0 10  1  2  8 10  5 11  8  1 12  0 12 21  2  0 10  1  5  2  7
 11  0  5  7 11  4  9  0  0  1  2  1  0  0 15  0  2  0 15  1 21  4  5  2
  8  1 15 24  1 21  0 11  6  5  1  8  0  0 21 15  1  8  1  9  1 15  2  1
 21  1  0  1  0  0 21 15  9 11  6  9  0  0 10  0  1  5  5 21 21 22 21 21
 11 15 21  0 15 23  5  2 11 14  3  4  2  6  2  0 13  0 15 10 11  8  0  8
  5  7  0  0  0  0 15  7  0  0  6  7  5 21 21  2  8 11  4  6 14 12  2 15
  1  4  1  8  7  0  1 10  0 21  5  5 21  5  5 11 11  5 14  2  7 21 11 11
 11  1  2 11  8  8  8  1  1  5  5  8  8  8  2 14 15 15  9  5  1 10  7 11
 11  0 21 12  0  8 15 11  8 12 15  5 21  8 11  2 11 14 12 11  2 11  0  1
 11  0  2  7  4  0  0 13  2  1  1 13  1  7  5 12  0  9 11  4  2  0  1  9
  7  8  7 21 14 12  2  6 13  4  7  1  0  1  6  0 15 21 14  3  2  1  9 15
  2 11  5  0  5  0  0  5  5 11  0  2  7  6  2  3  1  0  0  7  4 11  2  5
  9 11  5 15 15 15  7 11 21  7 11  5  1  1  5  9 15 15  9 14 22  3  2  6
  7 15  9  1  8 21  2 21  4  2  2 11 10 15  7  0  1  6 11  8  2  7 11 21
  7  5  5  0  8  0 11  1 11  5  5 11  1  7  0  9  9 19 15  1  1  2  0 21
  3 11  3  5  2  0  2  0  1 21 11 11 21 13  9  8  4  0 21 11 21  5 11 11
  4  2  1  6  0  5  1  9 14  7  5  5  3  0  2  7  5  5  6 10  1  0  0  0
 12  1  0  0  0  1 11  2 21  5 12]"
"Hierarchical (complete, n=25)",25,0,50,0.003920326947295369,0.1288338369145246,0.11513880377633218,0.1462265625078844,0.1288338369145246,0.05339560642426604,0.39821944595731285,0.09416501374210293,0.488868735590388,3009776.0002058493,0.429092951211966,"[ 2 22 15 22  7  3  8 15  4 24 10 22 10  3  3 15  3 22  3  2 15 10  5 11
 22 11 15 15  0  3 19 10 22 15 24  3 10 11  2 10  4 10 10 11  3 15 16  7
  3  3  0 22 15 10 22  6 17 10 24  9  8  6 15 22 22 15 22  3 14 15 20  9
 11  7 15 24 15  3 15 15 13 10 24  9  3  6 22  1  8 15 10 11 11 15 15 15
 10 22  7 24 15  3 15 22 15 11  0 11  3  3 11 22  3 10  3 11  3 11  3 22
  3  3 11 22  5  3  3 10  7 22 22 15 10  3 23  7 11 10  3 10  2 22 22 15
  3 11  7  8 11 11  3 23  7 10 11 15 10 11 11  0 11  3 15 15 22  2 10 10
  3  0 10 10 22 16 22  3 10 11 11 11 11  9  3 15  2  7  7  3  3  5 22  2
  9 22  7 10  7 10 22 10  9 11  3  6 22 10  6  7  3  7 15 22 10 15  6 10
 15  7 15  3 15  9 22  4 11  4 11  3 10  1  7  3 10  7 10 11 23 11  7  7
  7 11 11  3 11 15  3  7 11 11 15 11  9 15 22  3  3 15  3  3 22 10  3 14
  7  3 11 22  6  3  7  3  6 11 10  9  3 16 22 16 11  7 22  6  3 23  7 10
 10 15 11 10 10  2 15 22 15  3  7  3 22 15 22 22  7 15 22  3 11  2 11  7
  3  3 22  8  3 11 15 10 24 11  3  3 22 15 11 22  3  3  3 15  3 22  7  3
 11  3 22  3 22 22 11 22 15 10  4 15 22 22  6 22  3 11 11 11 11 18 11 11
 10 22 11 15 22 21 11  7 10  9  1  2  7  4  7 15  5 22 22  6 10  3 22  3
 11 10 15 22 15 15 22 10 15 15 24 10 11 11 11  7  3 10  2 24  0 16  7 22
  3  2  3  3 10 22  3  6 22 11 11 11 11 11 11 10 10 11  0  7 10 11 10 10
 10  3  7 10  3  9  3  3  3 11 11  3  3  9  7  0 22 22 15 11  3  6 10 10
 10 15 11 16 22  3 22 10  3 16 22 11 11  3 10 10 10  0 16 10  7 10 15  3
 10 22  7 10  2 22 15  5  7  3  3  5  3 10 11 16 22 15 10  2  7 15  3 15
  7  3 10 11  0 16  7 24  5  2 10  3 15  3 24 22 22 11  9  1  7  3 15 22
  7 10 11 15 11 15 22 11 11 10 22  7 10 24  7  1  3 22 15 10  2 10  7 11
 15 10 11 22 22 22 10 11 11 10 10 11  3  3 11 15 22 22 15  0 18  1  7 24
 10 22 15  3  3 11  7 11  2  7  7 10  6 22 10 22  3  4 10  3  7 10 10 11
 10 11 11 15  3 15 10  3 10 11 11 10  3 10 15 15 15 12 22  3  3  7 22 11
  1 10  1 11  7 15  7 15  3 11 10 10 11  5 15  3  2 15 11 10 11 11 10 10
  2  7  3 24 22 11  3 15  9 10 11 11  1 15  7  7 11 11 24  6  3 15 22 15
 16  3 15 15 15  3 10  7 11 11 16]"
"Hierarchical (average, n=25)",25,0,50,0.005323341993909809,0.12529711845844638,0.10696014401221017,0.15122228081284828,0.1252971184584464,0.05194491267282522,0.44386979294188544,0.09300562234791113,0.5815150248789629,2013666.9278548062,0.35041825346678673,"[11  6  6  6  1 16  4  6  1 14 23  6 23 16 16  6 16  6 16 11  6 23  0  5
  6  5  6  6 10 16 19 23  6  6 14 16 23  5 11 23  1 23 23  5 16  6  7  1
 16 16 10  6  6 23  6  2 17 23 14 16  4  2  6  6  6  6  6 16 15  6 18 16
  5  1  6 14  6 16  6  6 21 23 14 16 16  2  6 22  4  6 23  5  5  6  6  6
 23  6  1 14  6 16  6  6  6  5 10  5 16 16  5  6 16 23 16  5 16  5 16  6
 16 16  5  6  0 16 16 23  1  6  6  6 23 16  5  1  5 23 16 23 11  6  6  6
 16  5  1  4  5  5 16  5  1 23  5  6 23  5  5  8  5 16  6  6  6 11 23 23
 16  8 23 23  6  7  6 16 23  5  5  5  5 16 16  6 11  1  1 16 16  0  6 24
 16  6  1 23  1 23  6 23 16  5 16  2  6 23  2  1 16  1  6  6 23  6  2 23
  6  1  6 16  6 16  6  1  5 14  5 16 23  3  1 16 23  1 23  5  5  5  1  1
  1  5  5 16  5  6 16  1  5  5  6  5 16  6  6 16 16  6 16 16  6 23 16 15
  1 16  5  6  2 16  1 16  2  5 23 16 16  7  6  7  5  1  6  2 16  5  1 23
 23  6  5 23 23 11  6  6  6 16  1 16  6  6  6  6  1  6  6 16  5 11  5  1
 16 16  6  4 16  5  6 23 14  5 16 16  6  6  5  6 16 16 16  6 16  6  1 16
  5 16  6 16  6  6  5  6  6 23  1  6  6  6  2  6 16  5  5  5  5 12  5  5
 23  6  5  6  6 20  5  1 23 10  3 11  1 14  1  6  0  6  6  2 23 16  6 16
  5 23  6  6  6  6  6 23  6  6 14 23  5  5  5  1 16 23 11 14 10  7  1  6
 16 11 16 16 23  6 16  2  6  5  5  5  5  5  5 23 23  5  8  1 23  5 23 23
 23 16  1 23 16 16 16 16 16  5  5 16 16 16  1 10  6  6  6  5 16  2 23 23
 23  6  5  7  6 16  6 23 16  7  6  5  5 16 23  1 23 10  7 23  1 23  6 16
 23  6  1 23 11  6  6  0  1 16 16  0 16 23  5  7  6  6 23 11  1  6 16  6
  9 16 23  5 10  7  1 14  0 24 23 16  6 16 14  6  6  5 10  3  1 16  6  6
  1 23  5  6  5  6  6  5  5 23  6  1 23 14  1  3 16  6  6 23 11 23  1  5
  6 23  5  6  6  6 23 23  5 23 23  5 16 16  5  6  6  6  6  8 12  3  1 14
 23  6  6 16 16  5  1  5 11  1  1 23  2  6 23  6 16  1 23 16  1 23 23  5
 23  5  5  6 16  6 23 16 23  5  5 23 16 23  6  6  6 13  6 16 16  1  6  5
  3 23  3  5  1  6  1  6 16  5 23 23  5  0  6 16 11  6  5 23  5  5 23 23
 11  1 16 14  6  5 16  6 10 23  5  5  3  6  1  9  5  5 14  2 16  6  6  6
  7 16  6  6  6 16 23  1  5  5  7]"
"Hierarchical (ward, n=30)",30,0,50,0.0035056915883477477,0.1675720121706227,0.16527011553347717,0.1699389365556811,0.16757201217062268,0.08643588990080164,0.348367745577359,0.13850609169171735,0.49613368254187945,4631254.721429725,0.5281868111714344,"[ 4 25 14 25 13 29 24 14 27 26 11 15  7  3  3  9  1 15  3  4 14  7  6 21
 15 21  9  9 28  1 17  7 25 14 26  1  7 21  4  7 27  7  7 21  1 14  5 12
 29  3 28 15  9 11 25 10 16 11 26  1 24 10  9 15 15 14 15 29 18  9  0  1
 21 12 14 26 14  1 14 14 20 11 26  1  3 10 15  0 24  9 11  2  2  9 14  9
 11 15 13 26 14 29 14 25  9 21 28 21  1 29 21 25  1 11 29 21 29  2 29 25
 29 29 21 14  6  3  3 11 12 15 25 14 11  3  2 13 21 11 29  7  4 15 25 14
 29 21 13 24  2  2  1  2 13 11  2 14  7 21 21  8  2 29 14 14 15  4  7 11
  1  8 11 11 25  5 25  3  7 21  2  2  2  1  3  9  4 12 12  1  1  6 15  4
  1 25 12 11 13 11 25 11  1  2 29 10 15  7 10 12  3 13  9 25  7 14 10  7
 14 12  9  1  9  1 25 27 21 27  2  1  7  0 13  1 11 12  7 21  2  2 13 13
 13 21 21  3 21 14  1 12 21  2 14 21  1  9 15  3  1  9  3  3 15  7  1 18
 13  1  2 25 10 29 12  1 10  2 11  1  3  5 25  5 21 13 25 10  3  2 12  7
 11 14  2  7 11  4  9 25 14  3 13 29 25 14 15 25 12 14 15 29 21  4  2 12
  1  3 15 24 29 21 14 11 26  2 29  1 25 14 21 15  3  1 29  9  3 15 12  3
 21 29 25  3 25 25 21 15  9 11 27  9 25 25 10 25  3  2  2 21 21 22 21 21
 11 15 21 14 15 23  2 12 11 28  0  4 13 27 12 14  6 14 15 10 11  1 25  1
  2  7 14 25 14 14 15  7 14 14 26  7  2 21 21 13  1 11  4 26 28  5 12 15
 29  4  3  1  7 25  3 10 25 21  2  2 21  2  2 11 11  2  8 12  7 21 11 11
 11 29 13 11  1  1  1  3  3  2  2  1  1  1 13 28 15 15  9  2 29 10  7 11
 11 14 21  5 25  1 15 11  1  5 15  2 21  1 11 13 11 28  5 11 12 11 14  3
 11 14 12  7  4 14 14  6 13  3  3  6  3  7  2  5 25  9 11  4 12 25 29  9
  7  1  7 21 28  5 13 26  6  4  7  3 14 29 26 25 15 21 28  0 12  3  9 15
 13 11  2 14  2 14 25  2  2 11 25 13  7 26 12  0  3 25 14  7  4 11 12  2
  9 11  2 15 15 15  7 11 21  7 11  2  3 29  2  9 15 15  9  8 22  0 13 26
  7 15  9  3  1 21 12 21  4 12 13 11 10 15  7 25  3 27 11  1 12  7 11 21
  7  2  2 14  1 14 11  3 11  2  2 11  3  7 14  9  9 19 15  3 29 12 25 21
  0 11  0  2 12 14 12 14 29 21 11 11 21  6  9  1  4 14 21 11 21  2 11 11
  4 12 29 26 25  2 29  9 28  7  2  2  0 14 12  7  2  2 26 10  3 14 25 14
  5 29 14 14 14  3 11 12 21  2  5]"
"Hierarchical (complete, n=30)",30,0,50,0.001641130891902423,0.13886954320088374,0.12731087228719756,0.15273664318469676,0.13886954320088374,0.055074230909688555,0.38641543189885924,0.09640784152490363,0.47457977865924045,3058599.605197434,0.44100954650286445,"[ 7 22  3 22  0 13  8  3  4 24 10 22 10 13 11  3 11 22 13  7  3 10 16  2
 22  2  3  3  5 11 19 10 22  3 24 11 10  2  7 10  4 10 10  2 11  3  1  0
 13 13  5 22  3 10 22  6 17 10 24  9  8  6  3 22 22  3 22 13 29  3 20  9
  2  0  3 24  3 11  3  3 27 10 24  9 11  6 22 28  8  3 10  2  2  3  3  3
 10 22  0 24  3 13  3 22  3  2  5  2 11 13  2 22 11 10 13  2 13  2 13 22
 13 13  2 22 14 11 11 10  0 22 22  3 10 13 23  0  2 10 13 10  7 22 22  3
 13  2  0  8  2  2 11 23  0 10  2  3 10  2  2  5  2 13  3  3 22  7 10 10
 11 25 10 10 22  1 22 13 10  2  2  2  2  9 11  3  7  0  0 11 11 14 22 12
  9 22  0 10  0 10 22 10  9  2 13  6 22 10  6  0 11  0  3 22 10  3  6 10
  3  0  3 11  3  9 22  4  2  4  2 11 10 15  0 11 10  0 10  2 23  2  0  0
  0  2  2 13  2  3 11  0  2  2  3  2  9  3 22 13 11  3 11 11 22 10 11 29
  0 11  2 22  6 13  0 11  6  2 10  9 13  1 22  1  2  0 22  6 11 23  0 10
 10  3  2 10 10  7  3 22  3 11  0 13 22  3 22 22  0  3 22 13  2  7  2  0
 11 11 22  8 13  2  3 10 24  2 13 11 22  3  2 22 11 11 13  3 11 22  0 11
  2 13 22 13 22 22  2 22  3 10  4  3 22 22  6 22 11  2  2  2  2 18  2  2
 10 22  2  3 22 21  2  0 10  9 15  7  0  4  0  3 16 22 22  6 10 11 22 11
  2 10  3 22  3  3 22 10  3  3 24 10  2  2  2  0 11 10  7 24  5  1  0 22
 13  7 13 11 10 22 13  6 22  2  2  2  2  2  2 10 10  2  5  0 10  2 10 10
 10 13  0 10 11  9 11 13 13  2  2 11 11  9  0  5 22 22  3  2 13  6 10 10
 10  3  2  1 22 11 22 10 11  1 22  2  2 11 10 10 10  5  1 10  0 10  3 11
 10 22  0 10  7 22  3 14  0 11 13 16 13 10  2  1 22  3 10  7  0  3 13  3
  0 11 10  2  5  1  0 24 16 12 10 13  3 13 24 22 22  2  9 15  0 11  3 22
  0 10  2  3  2  3 22  2  2 10 22  0 10 24  0 15 11 22  3 10  7 10  0  2
  3 10  2 22 22 22 10  2  2 10 10  2 13 13  2  3 22 22  3  5 18 15  0 24
 10 22  3 13 11  2  0  2  7  0  0 10  6 22 10 22 13  4 10 11  0 10 10  2
 10  2  2  3 11  3 10 11 10  2  2 10 11 10  3  3  3 26 22 13 13  0 22  2
 15 10 15  2  0  3  0  3 13  2 10 10  2 16  3 11  7  3  2 10  2  2 10 10
  7  0 13 24 22  2 13  3  9 10  2  2 15  3  0  0  2  2 24  6 13  3 22  3
  1 13  3  3  3 11 10  0  2  2  1]"
"Hierarchical (average, n=30)",30,0,50,0.004713574161630656,0.13466298766214174,0.11952381492762333,0.1541935065998994,0.13466298766214177,0.057434414100908666,0.39797997409716274,0.10038218918205952,0.5153032904984965,2362827.7991016274,0.3878039615141687,"[ 5 13  8 13 16  7  4  8 28  2 11 13 11  7  7  8  7 13  7  5  8 11 14  0
 13  0  8  8 10  7 19 11 13 13  2  7 11  0  5 11 28 11 11  0  7 13  3 16
  7  7 10 13  8 11 13 26 17 11  2  7  4 23  8 13 13  8 13  7 15  8 18  7
  0 16 13  2  8  7  8 13 21 11  2  7  7 23 13 22  4  8 11  0  0  8  8  8
 11 13 16  2  8  7  8 13  8  0 10  0  7  7  0 13  7 11  7  0  7  0  7 13
  7  7  0 13 12  7  7 11 16 13 13  8 11  7  0 16  0 11  7 11  5 13 13 13
  7  0 16  4  0  0  7  0 16 11  0 13 11  0  0  1  0  7 13  8 13  5 11 11
  7  1 11 11 13  3 13  7 11  0  0  0  0  7  7  8  5 16 16  7  7 12 13 24
  7 13 16 11 16 11 13 11  7  0  7 23 13 11 23 16  7 16  8 13 11  8 23 11
 13 16  8  7  8  7 13 28  0  2  0  7 11 29 16  7 11 16 11  0  0  0 16 16
 16  0  0  7  0  8  7 16  0  0 13  0  7  8 13  7  7  8  7  7 13 11  7 15
 16  7  0 13 23  7 16  7 23  0 11  7  7  3 13  3  0 16 13 23  7  0 16 11
 11  8  0 11 11  5  8 13  8  7 16  7 13  8 13 13 16  8 13  7  0  5  0 16
  7  7 13  4  7  0  8 11  2  0  7  7 13  8  0 13  7  7  7  8  7 13 16  7
  0  7 13  7 13 13  0 13  8 11 28  8 13 13 23 13  7  0  0  0  0 25  0  0
 11 13  0  8 13 20  0 16 11 10  6  5 16  2 16 13 14 13 13 23 11  7 13  7
  0 11 13 13 13 13 13 11 13  8  2 11  0  0  0 16  7 11  5  2 10  3 16 13
  7  5  7  7 11 13  7 23 13  0  0  0  0  0  0 11 11  0  1 16 11  0 11 11
 11  7 16 11  7  7  7  7  7  0  0  7  7  7 16 10 13 13  8  0  7 23 11 11
 11  8  0  3 13  7 13 11  7  3 13  0  0  7 11 16 11 10  3 11 16 11 13  7
 11 13 16 11  5 13 13 12 16  7  7 14  7 11  0  3 13  8 11  5 16 13  7  8
  9  7 11  0 10  3 16  2 14 24 11  7  8  7  2 13 13  0 10  6 16  7  8 13
 16 11  0 13  0 13 13  0  0 11 13 16 11  2 16  6  7 13  8 11  5 11 16  0
  8 11  0 13 13 13 11 11  0 11 11  0  7  7  0  8 13 13  8  1 25  6 16  2
 11 13  8  7  7  0 16  0  5 16 16 11 23 13 11 13  7 28 11  7 16 11 11  0
 11  0  0 13  7 13 11  7 11  0  0 11  7 11  8  8  8 27 13  7  7 16 13  0
  6 11  6  0 16 13 16 13  7  0 11 11  0 14  8  7  5  8  0 11  0  0 11 11
  5 16  7  2 13  0  7  8 10 11  0  0  6 13 16  9  0  0  2 23  7 13 13  8
  3  7 13 13  8  7 11 16  0  0  3]"
"Hierarchical (ward, n=35)",35,0,50,0.0028242755527755742,0.18003805145995566,0.1810257407507276,0.1790610814895645,0.18003805145995572,0.09513962178782541,0.3395036736327917,0.1486287787954636,0.4835322756686567,5012695.8320545405,0.5335135937752307,"[ 0 25  2 25  6 29 24  2 13 26 11 15  3  1  1  4 14 15  1  0  2  3 31 21
 15 21  4  4 28 14 17  3 25  2 26 14  3 21  0  3 13  3  3 21 14  2 34 12
 29  1 28 15  4 11 25 10 33 11 26 32 24 10  4 15 15  2 15 29 18  4 30 32
 21 12  2 26  2 14  2  2 20 11 26 32  1 10 15  5 24  4 11  9  7  4  2  4
 11 15  6 26  2 29  2 25  4 21 28 21 14 29 21 25 14 11 29 21 29  9 29 25
 29 29 21  2 16  1  1 11 12 15 25  2 11  1  9  6 21 11 29  3  0 15 25  2
 29 21  6 24  7  9 14  9  6 11  7  2  3 21 21  8  7 29  2  2 15  0  3 11
 14  8 11 11 25 34 25  1  3 21  7  7  7 32  1  4  0 12 12 14 14 16 15  0
 32 25 12 11  6 11 25 11 32  9 29 10 15  3 10 12  1  6  4 25  3  2 10  3
  2 12  4 14  4 32 25 13 21 13  7 14  3  5  6 14 11 12  3 21  9  7  6  6
  6 21 21  1 21  2 14 12 21  7  2 21 32  4 15  1 14  4  1  1 15  3 14 18
  6 14  7 25 10 29 12 14 10  7 11 32  1 34 25 27 21  6 25 10  1  9 12  3
 11  2  7  3 11  0  4 25  2  1  6 29 25  2 15 25 12  2 15 29 21  0  9 12
 14  1 15 24 29 21  2 11 26  7 29 14 25  2 21 15  1 14 29  4  1 15 12  1
 21 29 25  1 25 25 21 15  4 11 13  4 25 25 10 25  1  9  9 21 21 22 21 21
 11 15 21  2 15 23  7 12 11 28  5  0  6 13 12  2 31  2 15 10 11 14 25 14
  7  3  2 25  2  2 15  3  2  2 26  3  7 21 21  6 14 11  0 26 28 34 12 15
 29  0  1 14  3 25  1 10 25 21  7  9 21  9  7 11 11  9  8 12  3 21 11 11
 11 29  6 11 14 32 14  1  1  9  7 14 14 32  6 28 15 15  4  7 29 10  3 11
 11  2 21 27 25 14 15 11 14 34 15  9 21 14 11  6 11 28 34 11 12 11  2  1
 11  2 12  3  0  2  2 16  6  1  1 31  1  3  7 34 25  4 11  0 12 25 29  4
  3 14  3 21 28 34  6 26 31  0  3  1  2 29 26 25 15 21 28  5 12  1  4 15
  6 11  9  2  7  2 25  9  9 11 25  6  3 26 12  5  1 25  2  3  0 11 12  7
  4 11  7 15 15 15  3 11 21  3 11  7  1 29  9  4 15 15  4  8 22  5  6 26
  3 15  4  1 14 21 12 21  0 12  6 11 10 15  3 25  1 13 11 14 12  3 11 21
  3  7  7  2 14  2 11  1 11  7  7 11  1  3  2  4  4 19 15  1 29 12 25 21
  5 11  5  7 12  2 12  2 29 21 11 11 21 31  4 14  0  2 21 11 21  7 11 11
  0 12 29 26 25  7 29  4 28  3  7  7  5  2 12  3  7  7 26 10  1  2 25  2
 27 29  2  2  2  1 11 12 21  9 27]"
"Hierarchical (complete, n=35)",35,0,50,0.004656175826440689,0.16144641129068973,0.15398765233448206,0.16966451652849643,0.1614464112906897,0.06973160767512829,0.3605267580225693,0.11686053056074368,0.44451236824218526,3533997.580446033,0.4915349126681674,"[ 1 10 16 10  7  6  8 16 13 11  4 10  4  6  5 15  5 10  6  1 16  4 33 32
 10 32 15 15  0  5 19  4 10 16 11  5  4 32  1  4 13  4  4 32  5 16 31  7
  6  6  0 10 15  4 10  2 17  4 11  9  8  2 15 10 10 16 10  6 29 15 20  9
 32  7 16 11 16  5 15 16 27  4 11  9  5  2 10 28  8 15  4 22 22 15 16 15
  4 10  7 11 15  6 15 10 15 32  0 32  5  6 32 10  5  4  6 32  6 22  6 10
  6  6 32 10 30  5  5  4  7 10 10 16  4  6 23  7 32  4  6  4  1 10 10 16
  6 32  7  8 22 22  5 23  7  4 22 16  4 32 32  0 22  6 16 16 10  1  4  4
  5 25  4  4 10 31 10  6  4 32 22 22 22  9  5 15  1  7  7  5  5 30 10 12
  9 10  7  4  7  4 10  4  9 22  6  2 10  4  2  7  5  7 15 10  4 15  2  4
 16  7 15  5 15  9 10 13 32 13 22  5  4  3  7  5  4  7  4 32 23 22  7  7
  7 32 32  6 32 16  5  7 32 22 16 32  9 15 10  6  5 15  5  5 10  4  5 29
  7  5 22 10  2  6  7  5  2 22  4  9  6 31 10 24 32  7 10  2  5 23  7  4
  4 16 22  4  4  1 15 10 15  5  7  6 10 16 10 10  7 16 10  6 32  1 22  7
  5  5 10  8  6 32 16  4 11 22  6  5 10 16 32 10  5  5  6 15  5 10  7  5
 32  6 10  6 10 10 32 10 15  4 34 15 10 10  2 10  5 22 22 32 32 18 32 32
  4 10 32 16 10 21 22  7  4  9  3  1  7 13  7 16 33 10 10  2  4  5 10  5
 22  4 16 10 16 16 10  4 16 16 11  4 22 32 32  7  5  4  1 11  0 31  7 10
  6  1  6  5  4 10  6  2 10 32 22 22 32 22 22  4  4 22  0  7  4 32  4  4
  4  6  7  4  5  9  5  6  6 22 22  5  5  9  7  0 10 10 15 22  6  2  4  4
  4 15 32 24 10  5 10  4  5 31 10 22 32  5  4  4  4  0 31  4  7  4 16  5
  4 10  7  4  1 10 16 30  7  5  6 33  6  4 22 31 10 15  4  1  7 16  6 15
 14  5  4 32  0 31  7 11 33 12  4  6 16  6 11 10 10 32  9  3  7  5 15 10
  7  4 22 16 22 16 10 22 22  4 10  7  4 11  7  3  5 10 16  4  1  4  7 22
 15  4 22 10 10 10  4 32 32  4  4 22  6  6 22 15 10 10 15  0 18  3  7 11
  4 10 15  6  5 32  7 32  1  7  7  4  2 10  4 10  6 34  4  5  7  4  4 32
  4 22 22 16  5 16  4  5  4 22 32  4  5  4 15 15 15 26 10  6  6  7 10 32
  3  4  3 22  7 16  7 16  6 32  4  4 32 33 15  5  1 16 22  4 32 22  4  4
  1  7  6 11 10 22  6 15  9  4 22 22  3 16  7 14 22 22 11  2  6 16 10 16
 24  6 16 16 16  5  4  7 32 22 24]"
"Hierarchical (average, n=35)",35,0,50,0.002593496615534186,0.14945826314174945,0.13724127546419568,0.1640628635072989,0.14945826314174948,0.06582240671332756,0.377808412423834,0.11211240477226378,0.4860934988244012,2757042.6944004013,0.4044437110956964,"[ 5  6 28  6  7  1  4 28 13  0 11  6 11  1  1 28  3  6  1  5 28 11 30 33
  6 33 28 34 10  3 19 11  6  6  0  3 11 33  5 11 13 11 11 33  3  6 15  7
  1  1 10  6 28 11  6 26 17 11  0  3  4 23 28  6  6 28  6  1 32 28 18  3
 33  7  6  0 28  3 28  6 21 11  0  3  3 23  6 22  4 28 11 33 33 28 28 28
 11  6  7  0 28  1 28  6 28 33 10 33  3  1 33  6  3 11  1 33  1 33  1  6
  1  1 33  6 12  3  3 11  7  6  6 28 11  1 14  7 33 11  1 11  5  6  6  6
  1 33  7  4 33 14  3 14  7 11 33  6 11 33 33  8 33  1  6 28  6  5 11 11
  3 31 11 11  6 15  6  1 11 33 33 33 33  3  3 28  5  7  7  3  3 12  6 24
  3  6  7 11  7 11  6 11  3 33  1 23  6 11 23  7  3  7 28  6 11 28 23 11
  6  7 28  3 28  3  6 13 33  0 33  3 11 29  7  3 11  7 11 33 14 33  7  7
  7 33 33  1 33 28  3  7 33 33  6 33  3 28  6  1  3 28  3  3  6 11  3 32
  7  3 33  6 23  1  7  3 23 33 11  3  1 15  6 16 33  7  6 23  3 14  7 11
 11 28 33 11 11  5 28  6 28  1  7  1  6 28  6  6  7 28  6  1 33  5 33  7
  3  1  6  4  1 33 28 11  0 33  1  3  6 28 33  6  3  3  1 28  1  6  7  1
 33  1  6  1  6  6 33  6 28 11 13 28  6  6 23  6  3 33 33 33 33 25 33 33
 11  6 33 28  6 20 33  7 11 10  2  5  7  0  7  6 30  6  6 23 11  3  6  3
 33 11  6  6  6  6  6 11  6 28  0 11 33 33 33  7  3 11  5  0 10 15  7  6
  1  5  1  3 11  6  1 23  6 33 33 33 33 33 33 11 11 33  8  7 11 33 11 11
 11  1  7 11  3  3  3  1  1 33 33  3  3  3  7 10  6  6 28 33  1 23 11 11
 11 28 33 16  6  3  6 11  3 15  6 33 33  3 11  7 11 10 15 11  7 11  6  1
 11  6  7 11  5  6  6 12  7  1  1 30  1 11 33 15  6 28 11  5  7  6  1 34
  9  3 11 33 10 15  7  0 30 24 11  1 28  1  0  6  6 33 10  2  7  3 28  6
  7 11 33  6 33  6  6 33 33 11  6  7 11  0  7  2  1  6 28 11  5 11  7 33
 28 11 33  6  6  6 11 11 33 11 11 33  1  1 33 28  6  6 28  8 25  2  7  0
 11  6 28  1  3 33  7 33  5  7  7 11 23  6 11  6  1 13 11  3  7 11 11 33
 11 33 33  6  3  6 11  1 11 33 33 11  3 11 28 28 34 27  6  1  1  7  6 33
  2 11  2 33  7  6  7  6  1 33 11 11 33 30 28  3  5 28 33 11 33 33 11 11
  5  7  1  0  6 33  1 28 10 11 33 33  2  6  7  9 33 33  0 23  1  6  6 28
 16  1  6  6 28  1 11  7 33 33 16]"
"DBSCAN (euclidean, eps=0.1, min_samples=5)",15,122,50,0.0040017349140952455,0.12119914893543786,0.10213158601395443,0.1490207293540026,0.12119914893543786,0.04768552998843467,0.4347914809057901,0.08594507814174136,0.5202314566032648,371368.0469590565,0.4652390113807641,"[ 0  1  1  1  2  3 -1  1 -1  4  5  1  5  3  3  1  3  1  6 -1  1  5 -1  7
  1  7  1 -1 -1  3 -1 -1  1  1  4  3  5  7  0  5 -1  5 -1  7  3  1 13  8
  3 -1  9  1  1  5  1 -1 -1  5 12  3 -1 10  1  1  1  1  1  3 -1 -1 -1 -1
  7 11  1  4  1  3  1  1 -1  5  4 -1  3 10  1 -1 -1  1  5  7  7 -1  1 -1
  5  1  2 12  1 -1 -1  1  1  7 -1  7  3  3  7  1  3  5  3  7  3  7  3  1
  3  3  7  1 -1  3  3  5 11  1  1  1  5  3 -1  2  7  5  3  5 -1  1  1 -1
 -1  7  2 -1  7 -1  3 -1  2  5  7  1  5  7  7 -1  7 -1  1  1  1  0  5  5
  3 -1  5  5  1 13  1  3  5  7  7  7  7 -1  3  1  0  8  8  3  3 -1  1 -1
 -1  1 11 -1 14 -1  1  5  3 -1  3 10  1 -1 10 11  3  2  1  1  5  1 10  5
  1  8  1  3 -1  3  1 -1  7 -1  7  3  5 -1  2  3  5  8  5  7 -1  7  2 -1
  2  7  7  3  7  1  3  8  7  7  1 -1  3  1  1  3  3  1  3  3  1  5  3 -1
  2 -1  7  1 10  3 11  3 10  7  5 -1  3 13  1 -1 -1 14  1 10  3 -1 11  5
  5  1  7  5  5  0 -1  1  1 -1  2  3  1  1  1  1 11  1  1  3  7  0  7  8
  3  3  1 -1  3  7  1  5  4  7  3  3  1  1  7  1  3  3  3  1  3  1 11  3
  7  3  1  3  1  1  7  1  1  5 -1  1  1  1 10  1  3  7  7  7  7 -1  7  7
  5 -1  7  1  1 -1  7  8  5  9 -1 -1  2 -1  8  1 -1  1  1 10  5  3  1  3
  7 -1  1  1  1  1  1  5  1  1  4  5  7  7  7 14  3  5 -1  4  9 13  8  1
  3  0  3  3  5  1  6 10  1  7  7  7  7  7  7  5  5  7 -1  8  5  7  5  5
  5  3 14  5  3 -1  3  3  3  7  7  3  3  3  2 -1  1  1 -1  7  3 10  5  5
  5  1  7 -1  1  3  1  5  3 13  1  7  7  3  5 -1  5 -1 13  5 11  5  1  3
  5  1  8 -1  0  1  1 -1 14  3  6 -1 -1  5  7 13  1  1  5 -1 11  1 -1 -1
 -1  3  5  7  9 13  2  4 -1 -1  5  3 -1 -1 12  1  1 -1  9 -1 11  3  1  1
  2  5  7  1  7  1 -1  7  7  5  1  2  5  4 11 -1  3  1  1  5  0  5  8 -1
  1  5  7  1  1  1 -1  5  7  5  5  7  6  3  7  1  1  1  1 -1 -1 -1 -1 12
  5  1 -1  6  3  7 11  7  0 11 14  5 10  1  5  1  3 -1  5  3 11  5  5  7
  5  7  7  1  3  1  5  3  5  7 -1  5  3  5  1  1 -1 -1  1  6  3 11  1  7
 -1  5 -1 -1 11  1 11  1 -1  7 -1 -1  7 -1  1  3  0  1  7  5  7 -1 -1  5
  0 11  3  4  1  7  3 -1  9  5  7  7 -1  1  8 -1  7  7 12 10  6  1  1  1
 -1  3  1  1  1 -1  5  8  7 -1 -1]"
"DBSCAN (euclidean, eps=0.1, min_samples=10)",8,185,50,0.0005933756072328973,0.08999547277670024,0.07112523319939391,0.12249449372101544,0.08999547277670024,0.04855207955146894,0.4830702962317883,0.08823581745234775,0.5997516621421223,629084.0080806823,0.4786375628898989,"[-1  0  0  0  1  2 -1  0 -1 -1  3  0  3  2  2 -1  2  0 -1 -1  0  3 -1  4
  0  4  0 -1 -1  2 -1 -1  0  0 -1 -1  3  4 -1  3 -1  3 -1  4  2  0 -1  5
  2 -1 -1  0  0  3  0 -1 -1  3 -1 -1 -1  6  0  0  0  0  0  2 -1 -1 -1 -1
  4  7  0 -1  0  2  0  0 -1  3 -1 -1  2  6  0 -1 -1  0  3  4  4 -1  0 -1
  3  0  1 -1  0 -1 -1  0  0  4 -1  4  2  2  4  0 -1  3  2  4  2  4  2  0
  2  2  4  0 -1  2  2  3  7  0  0  0  3  2 -1  1  4  3  2  3 -1  0  0 -1
 -1  4  1 -1  4 -1  2 -1  1  3  4  0  3  4  4 -1  4 -1 -1  0  0 -1  3  3
  2 -1  3  3  0 -1  0  2  3  4  4  4  4 -1  2  0 -1  5  5  2  2 -1  0 -1
 -1  0  7 -1 -1 -1  0  3 -1 -1  2  6  0 -1  6  7  2  1  0  0  3  0  6  3
  0  5  0  2 -1  2  0 -1  4 -1  4  2  3 -1  1  2  3  5  3  4 -1  4  1 -1
  1  4  4  2  4  0  2  5  4  4  0 -1 -1  0  0  2  2  0  2  2  0  3  2 -1
  1 -1  4  0  6  2  7  2  6  4  3 -1  2 -1  0 -1 -1 -1  0  6  2 -1  7  3
  3  0  4  3  3 -1 -1  0  0 -1  1  2  0  0  0  0  7  0  0  2  4 -1  4  5
  2  2  0 -1  2  4  0  3 -1  4  2  2  0  0  4  0  2  2  2  0  2  0  7  2
  4  2  0  2  0  0  4  0  0  3 -1  0  0  0  6  0  2  4  4  4  4 -1  4  4
  3 -1  4  0  0 -1  4  5  3 -1 -1 -1  1 -1  5  0 -1  0  0  6  3  2  0  2
  4 -1  0  0  0  0  0  3  0  0 -1  3  4  4  4 -1  2  3 -1 -1 -1 -1  5  0
  2 -1  2  2  3  0 -1  6  0  4  4  4  4  4  4  3  3  4 -1  5  3  4  3  3
  3  2 -1  3  2 -1  2  2  2  4  4  2  2 -1  1 -1  0  0 -1  4  2  6  3  3
  3  0  4 -1  0  2  0  3  2 -1  0  4  4  2  3 -1  3 -1 -1  3  7  3  0  2
  3  0  5 -1 -1  0  0 -1 -1  2 -1 -1 -1  3  4 -1  0  0  3 -1  7 -1 -1 -1
 -1  2  3  4 -1 -1  1 -1 -1 -1  3  2 -1 -1 -1  0  0 -1 -1 -1  7  2  0  0
  1  3  4  0  4  0 -1  4  4  3  0  1  3 -1  7 -1  2  0  0  3 -1  3  5 -1
  0  3  4  0  0  0 -1  3  4  3  3  4 -1  2  4  0  0  0  0 -1 -1 -1 -1 -1
  3  0 -1 -1  2  4  7  4 -1  7 -1  3  6  0  3  0  2 -1  3  2  7  3  3  4
  3  4  4  0  2  0  3  2  3  4 -1  3  2  3  0  0 -1 -1  0 -1  2  7  0  4
 -1  3 -1 -1  7  0  7  0 -1  4 -1 -1  4 -1  0  2 -1  0  4  3  4 -1 -1  3
 -1  7  2 -1  0  4  2 -1 -1  3  4  4 -1  0  5 -1  4  4 -1  6 -1  0  0  0
 -1  2  0  0  0 -1  3  5  4 -1 -1]"
"DBSCAN (euclidean, eps=0.1, min_samples=15)",9,228,50,0.005302800533764899,0.11128491901144671,0.09219056337944093,0.1403550156083264,0.11128491901144671,0.05967787721356033,0.4278536114655853,0.10474562518863512,0.5938275013971016,1048157.8234275683,0.5168035832231708,"[-1 -1  0  0  8  1 -1  0 -1 -1  2  3  4  1  1 -1 -1  3 -1 -1  0  4 -1  5
  3  5  0 -1 -1  1 -1 -1  0  0 -1 -1  4  5 -1  4 -1  4 -1  5  1  0 -1  6
  1 -1 -1  3  0  2  0 -1 -1  2 -1 -1 -1 -1  0  3  3  0  3  1 -1 -1 -1 -1
  5  7  0 -1  0 -1  0  0 -1  2 -1 -1  1 -1  3 -1 -1  0  2  5  5 -1  0 -1
  2  3  8 -1  0 -1 -1  0  0  5 -1  5 -1  1  5  0 -1  2  1  5  1  5  1  3
  1  1  5  0 -1  1  1  2  7  3  0  0  2  1 -1  8  5  2  1  4 -1  3  0 -1
 -1  5  8 -1  5 -1 -1 -1  8  2  5  0  4  5  5 -1  5 -1 -1  0  3 -1  4 -1
  1 -1  2  2  0 -1 -1  1  4  5  5  5  5 -1  1  0 -1  6  6  1  1 -1  3 -1
 -1  0  7 -1 -1 -1  0  2 -1 -1  1 -1  3 -1 -1  7  1  8  0  0  4  0 -1  4
  0  6 -1  1 -1  1  0 -1  5 -1  5 -1  4 -1  8  1  2  6  4  5 -1  5  8 -1
  8  5  5  1  5  0 -1  6  5  5  0 -1 -1  0  3  1  1  0  1  1  3  4  1 -1
  8 -1  5 -1 -1  1  7 -1 -1  5  2 -1  1 -1  0 -1 -1 -1  0 -1  1 -1  7  4
  2  0  5  4 -1 -1 -1  0  0 -1  8  1  0  0  3  0  7  0  3  1  5 -1  5  6
  1  1  3 -1  1  5  0  2 -1  5  1 -1 -1  0  5  3  1 -1  1  0  1  3  7  1
  5  1  0  1  0 -1  5  3 -1  2 -1  0  0  0 -1  0  1  5  5  5  5 -1  5  5
  2 -1  5  0  3 -1  5  6  2 -1 -1 -1  8 -1  6  0 -1  0  3 -1  2  1  0  1
  5 -1  0 -1  0  0 -1  4  0  0 -1  4  5  5  5 -1  1  2 -1 -1 -1 -1  6  3
  1 -1  1  1  4  0 -1 -1  0  5  5  5  5  5  5  2  2  5 -1  6  4  5  2  2
  2  1 -1  2 -1 -1 -1  1  1  5  5  1  1 -1  8 -1  3  3 -1  5  1 -1  4  2
  2  0  5 -1  0  1  3 -1 -1 -1  3  5  5  1  2 -1  2 -1 -1  2  7  2  0  1
  2  0  6 -1 -1  0  0 -1 -1  1 -1 -1 -1  4  5 -1  0  0  2 -1  7 -1 -1 -1
 -1  1  4  5 -1 -1  8 -1 -1 -1  4  1 -1 -1 -1 -1  3 -1 -1 -1  7  1  0  3
  8  2  5  0  5  0 -1  5 -1  2 -1  8  4 -1  7 -1  1  0  0  4 -1  2  6 -1
  0  2  5  3  3  3 -1  2  5  4  2  5 -1  1  5  0  3  3  0 -1 -1 -1 -1 -1
  4  3 -1 -1 -1  5  7  5 -1  7 -1  2 -1  3  4  3  1 -1  2  1  7  4  2  5
  4  5  5  0  1  0  2  1  2  5 -1  2  1  4  0  0 -1 -1  3 -1  1  7  0  5
 -1  2 -1 -1  7  0  7  0 -1  5 -1 -1  5 -1  0 -1 -1  0  5  2  5 -1 -1  2
 -1  7  1 -1  0  5  1 -1 -1  4  5  5 -1  0  6 -1  5  5 -1 -1 -1  0  3  0
 -1  1  0  0  0 -1  2  6  5 -1 -1]"
"DBSCAN (euclidean, eps=0.5, min_samples=5)",6,10,50,0.002763790559676546,0.0512883450618811,0.0347206349233441,0.09809790575491519,0.05128834506188109,0.036691396169914535,0.6401424191231851,0.0694046856835751,0.9451795576278149,163305.27774627705,0.11448692096458872,"[ 0  1  1  1  2  1  0  1  2  2  2  1  2  1  1  1  1  1  1  0  1  2  3  2
  1  2  1  1  1  1 -1  2  1  1  2  1  2  2  0  2  2  2  2  2  1  1  4  2
  1  1  1  1  1  2  1  5 -1  2  2  1  0  5  1  1  1  1  1  1 -1  1 -1  1
  2  2  1  2  1  1  1  1 -1  2  2  1  1  5  1  4  0  1  2  2  2  1  1  1
  2  1  2  2  1  1  1  1  1  2  1  2  1  1  2  1  1  2  1  2  1  2  1  1
  1  1  2  1  3  1  1  2  2  1  1  1  2  1  2  2  2  2  1  2  0  1  1  1
  1  2  2  0  2  2  1  2  2  2  2  1  2  2  2  1  2  1  1  1  1  0  2  2
  1  1  2  2  1  4  1  1  2  2  2  2  2  1  1  1  0  2  2  1  1  3  1  0
  1  1  2  2  2  2  1  2  1  2  1  5  1  2  5  2  1  2  1  1  2  1  5  2
  1  2  1  1  1  1  1  2  2  2  2  1  2  4  2  1  2  2  2  2  2  2  2  2
  2  2  2  1  2  1  1  2  2  2  1  2  1  1  1  1  1  1  1  1  1  2  1 -1
  2  1  2  1  5  1  2  1  5  2  2  1  1  4  1  4  2  2  1  5  1  2  2  2
  2  1  2  2  2  0  1  1  1  1  2  1  1  1  1  1  2  1  1  1  2  0  2  2
  1  1  1  0  1  2  1  2  2  2  1  1  1  1  2  1  1  1  1  1  1  1  2  1
  2  1  1  1  1  1  2  1  1  2  2  1  1  1  5  1  1  2  2  2  2 -1  2  2
  2  1  2  1  1 -1  2  2  2  1  4  0  2  2  2  1  3  1  1  5  2  1  1  1
  2  2  1  1  1  1  1  2  1  1  2  2  2  2  2  2  1  2  0  2  1  4  2  1
  1  0  1  1  2  1  1  5  1  2  2  2  2  2  2  2  2  2  1  2  2  2  2  2
  2  1  2  2  1  1  1  1  1  2  2  1  1  1  2  1  1  1  1  2  1  5  2  2
  2  1  2  4  1  1  1  2  1  4  1  2  2  1  2  2  2  1  4  2  2  2  1  1
  2  1  2  2  0  1  1  3  2  1  1  3  1  2  2  4  1  1  2  0  2  1  1  1
  2  1  2  2  1  4  2  2  3  0  2  1  1  1  2  1  1  2  1  4  2  1  1  1
  2  2  2  1  2  1  1  2  2  2  1  2  2  2  2  4  1  1  1  2  0  2  2  2
  1  2  2  1  1  1  2  2  2  2  2  2  1  1  2  1  1  1  1  1 -1  4  2  2
  2  1  1  1  1  2  2  2  0  2  2  2  5  1  2  1  1  2  2  1  2  2  2  2
  2  2  2  1  1  1  2  1  2  2  2  2  1  2  1  1  1 -1  1  1  1  2  1  2
  4  2  4  2  2  1  2  1  1  2  2  2  2  3  1  1  0  1  2  2  2  2  2  2
  0  2  1  2  1  2  1  1  1  2  2  2  4  1  2  2  2  2  2  5  1  1  1  1
  4  1  1  1  1  1  2  2  2  2  4]"
"DBSCAN (euclidean, eps=0.5, min_samples=10)",5,18,50,0.0019480538199353795,0.044686951052434754,0.02987577909910402,0.0886221237192763,0.04468695105243475,0.036691396169914535,0.6455492685603518,0.06943621271625919,0.948392590596453,201735.66636116555,0.0759478424277757,"[ 0  1  1  1  2  1  0  1  2  2  2  1  2  1  1  1  1  1  1  0  1  2 -1  2
  1  2  1  1  1  1 -1  2  1  1  2  1  2  2  0  2  2  2  2  2  1  1  3  2
  1  1  1  1  1  2  1  4 -1  2  2  1  0  4  1  1  1  1  1  1 -1  1 -1  1
  2  2  1  2  1  1  1  1 -1  2  2  1  1  4  1  3  0  1  2  2  2  1  1  1
  2  1  2  2  1  1  1  1  1  2  1  2  1  1  2  1  1  2  1  2  1  2  1  1
  1  1  2  1 -1  1  1  2  2  1  1  1  2  1  2  2  2  2  1  2  0  1  1  1
  1  2  2  0  2  2  1  2  2  2  2  1  2  2  2  1  2  1  1  1  1  0  2  2
  1  1  2  2  1  3  1  1  2  2  2  2  2  1  1  1  0  2  2  1  1 -1  1  0
  1  1  2  2  2  2  1  2  1  2  1  4  1  2  4  2  1  2  1  1  2  1  4  2
  1  2  1  1  1  1  1  2  2  2  2  1  2  3  2  1  2  2  2  2  2  2  2  2
  2  2  2  1  2  1  1  2  2  2  1  2  1  1  1  1  1  1  1  1  1  2  1 -1
  2  1  2  1  4  1  2  1  4  2  2  1  1  3  1  3  2  2  1  4  1  2  2  2
  2  1  2  2  2  0  1  1  1  1  2  1  1  1  1  1  2  1  1  1  2  0  2  2
  1  1  1  0  1  2  1  2  2  2  1  1  1  1  2  1  1  1  1  1  1  1  2  1
  2  1  1  1  1  1  2  1  1  2  2  1  1  1  4  1  1  2  2  2  2 -1  2  2
  2  1  2  1  1 -1  2  2  2  1  3  0  2  2  2  1 -1  1  1  4  2  1  1  1
  2  2  1  1  1  1  1  2  1  1  2  2  2  2  2  2  1  2  0  2  1  3  2  1
  1  0  1  1  2  1  1  4  1  2  2  2  2  2  2  2  2  2  1  2  2  2  2  2
  2  1  2  2  1  1  1  1  1  2  2  1  1  1  2  1  1  1  1  2  1  4  2  2
  2  1  2  3  1  1  1  2  1  3  1  2  2  1  2  2  2  1  3  2  2  2  1  1
  2  1  2  2  0  1  1 -1  2  1  1 -1  1  2  2  3  1  1  2  0  2  1  1  1
  2  1  2  2  1  3  2  2 -1  0  2  1  1  1  2  1  1  2  1  3  2  1  1  1
  2  2  2  1  2  1  1  2  2  2  1  2  2  2  2  3  1  1  1  2  0  2  2  2
  1  2  2  1  1  1  2  2  2  2  2  2  1  1  2  1  1  1  1  1 -1  3  2  2
  2  1  1  1  1  2  2  2  0  2  2  2  4  1  2  1  1  2  2  1  2  2  2  2
  2  2  2  1  1  1  2  1  2  2  2  2  1  2  1  1  1 -1  1  1  1  2  1  2
  3  2  3  2  2  1  2  1  1  2  2  2  2 -1  1  1  0  1  2  2  2  2  2  2
  0  2  1  2  1  2  1  1  1  2  2  2  3  1  2  2  2  2  2  4  1  1  1  1
  3  1  1  1  1  1  2  2  2  2  3]"
"DBSCAN (euclidean, eps=0.5, min_samples=15)",5,21,50,0.002190967331923654,0.0447958006259636,0.029864641596458963,0.08958463136262801,0.044795800625963604,0.03692482287392947,0.647685996886296,0.06986652861059667,0.9490393852329598,202535.43798662702,0.07095856754931336,"[ 0  1  1  1  2  1  0  1  2  2  2  1  2  1  1  1  1  1  1  0  1  2 -1  2
  1  2  1  1  1  1 -1  2  1  1  2  1  2  2  0  2  2  2  2  2  1  1  3  2
  1  1  1  1  1  2  1  4 -1  2  2  1  0  4  1  1  1  1  1  1 -1  1 -1  1
  2  2  1  2  1  1  1  1 -1  2  2  1  1  4  1  3  0  1  2  2  2  1  1  1
  2  1  2  2  1  1  1  1  1  2  1  2  1  1  2  1  1  2  1  2  1  2  1  1
  1  1  2  1 -1  1  1  2  2  1  1  1  2  1  2  2  2  2  1  2  0  1  1  1
  1  2  2  0  2  2  1  2  2  2  2  1  2  2  2  1  2  1  1  1  1  0  2  2
  1  1  2  2  1  3  1  1  2  2  2  2  2  1  1  1  0  2  2  1  1 -1  1  0
  1  1  2  2  2  2  1  2  1  2  1  4  1  2  4  2  1  2  1  1  2  1  4  2
  1  2  1  1  1  1  1  2  2  2  2  1  2  3  2  1  2  2  2  2  2  2  2  2
  2  2  2  1  2  1  1  2  2  2  1  2  1  1  1  1  1  1  1  1  1  2  1 -1
  2  1  2  1  4  1  2  1  4  2  2  1  1  3  1 -1  2  2  1  4  1  2  2  2
  2  1  2  2  2  0  1  1  1  1  2  1  1  1  1  1  2  1  1  1  2  0  2  2
  1  1  1  0  1  2  1  2  2  2  1  1  1  1  2  1  1  1  1  1  1  1  2  1
  2  1  1  1  1  1  2  1  1  2  2  1  1  1  4  1  1  2  2  2  2 -1  2  2
  2  1  2  1  1 -1  2  2  2  1  3  0  2  2  2  1 -1  1  1  4  2  1  1  1
  2  2  1  1  1  1  1  2  1  1  2  2  2  2  2  2  1  2  0  2  1  3  2  1
  1  0  1  1  2  1  1  4  1  2  2  2  2  2  2  2  2  2  1  2  2  2  2  2
  2  1  2  2  1  1  1  1  1  2  2  1  1  1  2  1  1  1  1  2  1  4  2  2
  2  1  2 -1  1  1  1  2  1  3  1  2  2  1  2  2  2  1  3  2  2  2  1  1
  2  1  2  2  0  1  1 -1  2  1  1 -1  1  2  2  3  1  1  2  0  2  1  1  1
  2  1  2  2  1  3  2  2 -1  0  2  1  1  1  2  1  1  2  1  3  2  1  1  1
  2  2  2  1  2  1  1  2  2  2  1  2  2  2  2  3  1  1  1  2  0  2  2  2
  1  2  2  1  1  1  2  2  2  2  2  2  1  1  2  1  1  1  1  1 -1  3  2  2
  2  1  1  1  1  2  2  2  0  2  2  2  4  1  2  1  1  2  2  1  2  2  2  2
  2  2  2  1  1  1  2  1  2  2  2  2  1  2  1  1  1 -1  1  1  1  2  1  2
  3  2  3  2  2  1  2  1  1  2  2  2  2 -1  1  1  0  1  2  2  2  2  2  2
  0  2  1  2  1  2  1  1  1  2  2  2  3  1  2  2  2  2  2  4  1  1  1  1
  3  1  1  1  1  1  2  2  2  2 -1]"
"DBSCAN (euclidean, eps=1.0, min_samples=5)",5,1,50,0.0028416866050421674,0.041947408349747195,0.02838356851198852,0.08034000925170676,0.0419474083497472,0.03646829432409907,0.6373386519173169,0.06898905887478848,0.9387295648175079,169465.40064303737,0.16455096598397995,"[ 0  1  1  1  2  1  0  1  2  2  2  1  2  1  1  1  1  1  1  0  1  2  3  2
  1  2  1  1  1  1  4  2  1  1  2  1  2  2  0  2  2  2  2  2  1  1  4  2
  1  1  1  1  1  2  1  3  2  2  2  1  0  3  1  1  1  1  1  1  1  1  4  1
  2  2  1  2  1  1  1  1  0  2  2  1  1  3  1  4  0  1  2  2  2  1  1  1
  2  1  2  2  1  1  1  1  1  2  1  2  1  1  2  1  1  2  1  2  1  2  1  1
  1  1  2  1  3  1  1  2  2  1  1  1  2  1  2  2  2  2  1  2  0  1  1  1
  1  2  2  0  2  2  1  2  2  2  2  1  2  2  2  1  2  1  1  1  1  0  2  2
  1  1  2  2  1  4  1  1  2  2  2  2  2  1  1  1  0  2  2  1  1  3  1  0
  1  1  2  2  2  2  1  2  1  2  1  3  1  2  3  2  1  2  1  1  2  1  3  2
  1  2  1  1  1  1  1  2  2  2  2  1  2  4  2  1  2  2  2  2  2  2  2  2
  2  2  2  1  2  1  1  2  2  2  1  2  1  1  1  1  1  1  1  1  1  2  1  1
  2  1  2  1  3  1  2  1  3  2  2  1  1  4  1  4  2  2  1  3  1  2  2  2
  2  1  2  2  2  0  1  1  1  1  2  1  1  1  1  1  2  1  1  1  2  0  2  2
  1  1  1  0  1  2  1  2  2  2  1  1  1  1  2  1  1  1  1  1  1  1  2  1
  2  1  1  1  1  1  2  1  1  2  2  1  1  1  3  1  1  2  2  2  2  4  2  2
  2  1  2  1  1 -1  2  2  2  1  4  0  2  2  2  1  3  1  1  3  2  1  1  1
  2  2  1  1  1  1  1  2  1  1  2  2  2  2  2  2  1  2  0  2  1  4  2  1
  1  0  1  1  2  1  1  3  1  2  2  2  2  2  2  2  2  2  1  2  2  2  2  2
  2  1  2  2  1  1  1  1  1  2  2  1  1  1  2  1  1  1  1  2  1  3  2  2
  2  1  2  4  1  1  1  2  1  4  1  2  2  1  2  2  2  1  4  2  2  2  1  1
  2  1  2  2  0  1  1  3  2  1  1  3  1  2  2  4  1  1  2  0  2  1  1  1
  2  1  2  2  1  4  2  2  3  0  2  1  1  1  2  1  1  2  1  4  2  1  1  1
  2  2  2  1  2  1  1  2  2  2  1  2  2  2  2  4  1  1  1  2  0  2  2  2
  1  2  2  1  1  1  2  2  2  2  2  2  1  1  2  1  1  1  1  1  4  4  2  2
  2  1  1  1  1  2  2  2  0  2  2  2  3  1  2  1  1  2  2  1  2  2  2  2
  2  2  2  1  1  1  2  1  2  2  2  2  1  2  1  1  1  0  1  1  1  2  1  2
  4  2  4  2  2  1  2  1  1  2  2  2  2  3  1  1  0  1  2  2  2  2  2  2
  0  2  1  2  1  2  1  1  1  2  2  2  4  1  2  2  2  2  2  3  1  1  1  1
  4  1  1  1  1  1  2  2  2  2  4]"
"DBSCAN (euclidean, eps=1.0, min_samples=10)",5,6,50,0.002238200745450351,0.04263818831619706,0.028730664578136222,0.08264263963681223,0.04263818831619706,0.03646829432409907,0.6406987177287524,0.06900864630240261,0.9423282673116868,177435.6239375978,0.13043998271206486,"[ 0  1  1  1  2  1  0  1  2  2  2  1  2  1  1  1  1  1  1  0  1  2 -1  2
  1  2  1  1  1  1  3  2  1  1  2  1  2  2  0  2  2  2  2  2  1  1  3  2
  1  1  1  1  1  2  1  4  2  2  2  1  0  4  1  1  1  1  1  1  1  1  3  1
  2  2  1  2  1  1  1  1  0  2  2  1  1  4  1  3  0  1  2  2  2  1  1  1
  2  1  2  2  1  1  1  1  1  2  1  2  1  1  2  1  1  2  1  2  1  2  1  1
  1  1  2  1  4  1  1  2  2  1  1  1  2  1  2  2  2  2  1  2  0  1  1  1
  1  2  2  0  2  2  1  2  2  2  2  1  2  2  2  1  2  1  1  1  1  0  2  2
  1  1  2  2  1  3  1  1  2  2  2  2  2  1  1  1  0  2  2  1  1  4  1  0
  1  1  2  2  2  2  1  2  1  2  1  4  1  2  4  2  1  2  1  1  2  1  4  2
  1  2  1  1  1  1  1  2  2  2  2  1  2  3  2  1  2  2  2  2  2  2  2  2
  2  2  2  1  2  1  1  2  2  2  1  2  1  1  1  1  1  1  1  1  1  2  1  1
  2  1  2  1  4  1  2  1  4  2  2  1  1  3  1  3  2  2  1  4  1  2  2  2
  2  1  2  2  2  0  1  1  1  1  2  1  1  1  1  1  2  1  1  1  2  0  2  2
  1  1  1  0  1  2  1  2  2  2  1  1  1  1  2  1  1  1  1  1  1  1  2  1
  2  1  1  1  1  1  2  1  1  2  2  1  1  1  4  1  1  2  2  2  2  3  2  2
  2  1  2  1  1 -1  2  2  2  1  3  0  2  2  2  1 -1  1  1  4  2  1  1  1
  2  2  1  1  1  1  1  2  1  1  2  2  2  2  2  2  1  2  0  2  1  3  2  1
  1  0  1  1  2  1  1  4  1  2  2  2  2  2  2  2  2  2  1  2  2  2  2  2
  2  1  2  2  1  1  1  1  1  2  2  1  1  1  2  1  1  1  1  2  1  4  2  2
  2  1  2  3  1  1  1  2  1  3  1  2  2  1  2  2  2  1  3  2  2  2  1  1
  2  1  2  2  0  1  1  4  2  1  1 -1  1  2  2  3  1  1  2  0  2  1  1  1
  2  1  2  2  1  3  2  2 -1  0  2  1  1  1  2  1  1  2  1  3  2  1  1  1
  2  2  2  1  2  1  1  2  2  2  1  2  2  2  2  3  1  1  1  2  0  2  2  2
  1  2  2  1  1  1  2  2  2  2  2  2  1  1  2  1  1  1  1  1  3  3  2  2
  2  1  1  1  1  2  2  2  0  2  2  2  4  1  2  1  1  2  2  1  2  2  2  2
  2  2  2  1  1  1  2  1  2  2  2  2  1  2  1  1  1  0  1  1  1  2  1  2
  3  2  3  2  2  1  2  1  1  2  2  2  2 -1  1  1  0  1  2  2  2  2  2  2
  0  2  1  2  1  2  1  1  1  2  2  2  3  1  2  2  2  2  2  4  1  1  1  1
  3  1  1  1  1  1  2  2  2  2  3]"
"DBSCAN (euclidean, eps=1.0, min_samples=15)",5,6,50,0.002238200745450351,0.04263818831619706,0.028730664578136222,0.08264263963681223,0.04263818831619706,0.03646829432409907,0.6406987177287524,0.06900864630240261,0.9423282673116868,177435.6239375978,0.13043998271206486,"[ 0  1  1  1  2  1  0  1  2  2  2  1  2  1  1  1  1  1  1  0  1  2 -1  2
  1  2  1  1  1  1  3  2  1  1  2  1  2  2  0  2  2  2  2  2  1  1  3  2
  1  1  1  1  1  2  1  4  2  2  2  1  0  4  1  1  1  1  1  1  1  1  3  1
  2  2  1  2  1  1  1  1  0  2  2  1  1  4  1  3  0  1  2  2  2  1  1  1
  2  1  2  2  1  1  1  1  1  2  1  2  1  1  2  1  1  2  1  2  1  2  1  1
  1  1  2  1  4  1  1  2  2  1  1  1  2  1  2  2  2  2  1  2  0  1  1  1
  1  2  2  0  2  2  1  2  2  2  2  1  2  2  2  1  2  1  1  1  1  0  2  2
  1  1  2  2  1  3  1  1  2  2  2  2  2  1  1  1  0  2  2  1  1  4  1  0
  1  1  2  2  2  2  1  2  1  2  1  4  1  2  4  2  1  2  1  1  2  1  4  2
  1  2  1  1  1  1  1  2  2  2  2  1  2  3  2  1  2  2  2  2  2  2  2  2
  2  2  2  1  2  1  1  2  2  2  1  2  1  1  1  1  1  1  1  1  1  2  1  1
  2  1  2  1  4  1  2  1  4  2  2  1  1  3  1  3  2  2  1  4  1  2  2  2
  2  1  2  2  2  0  1  1  1  1  2  1  1  1  1  1  2  1  1  1  2  0  2  2
  1  1  1  0  1  2  1  2  2  2  1  1  1  1  2  1  1  1  1  1  1  1  2  1
  2  1  1  1  1  1  2  1  1  2  2  1  1  1  4  1  1  2  2  2  2  3  2  2
  2  1  2  1  1 -1  2  2  2  1  3  0  2  2  2  1 -1  1  1  4  2  1  1  1
  2  2  1  1  1  1  1  2  1  1  2  2  2  2  2  2  1  2  0  2  1  3  2  1
  1  0  1  1  2  1  1  4  1  2  2  2  2  2  2  2  2  2  1  2  2  2  2  2
  2  1  2  2  1  1  1  1  1  2  2  1  1  1  2  1  1  1  1  2  1  4  2  2
  2  1  2  3  1  1  1  2  1  3  1  2  2  1  2  2  2  1  3  2  2  2  1  1
  2  1  2  2  0  1  1  4  2  1  1 -1  1  2  2  3  1  1  2  0  2  1  1  1
  2  1  2  2  1  3  2  2 -1  0  2  1  1  1  2  1  1  2  1  3  2  1  1  1
  2  2  2  1  2  1  1  2  2  2  1  2  2  2  2  3  1  1  1  2  0  2  2  2
  1  2  2  1  1  1  2  2  2  2  2  2  1  1  2  1  1  1  1  1  3  3  2  2
  2  1  1  1  1  2  2  2  0  2  2  2  4  1  2  1  1  2  2  1  2  2  2  2
  2  2  2  1  1  1  2  1  2  2  2  2  1  2  1  1  1  0  1  1  1  2  1  2
  3  2  3  2  2  1  2  1  1  2  2  2  2 -1  1  1  0  1  2  2  2  2  2  2
  0  2  1  2  1  2  1  1  1  2  2  2  3  1  2  2  2  2  2  4  1  1  1  1
  3  1  1  1  1  1  2  2  2  2  3]"
"DBSCAN (euclidean, eps=1.5, min_samples=5)",5,1,50,0.0028416866050421674,0.041947408349747195,0.02838356851198852,0.08034000925170676,0.0419474083497472,0.03646829432409907,0.6373386519173169,0.06898905887478848,0.9387295648175079,169465.40064303737,0.16455096598397995,"[ 0  1  1  1  2  1  0  1  2  2  2  1  2  1  1  1  1  1  1  0  1  2  3  2
  1  2  1  1  1  1  4  2  1  1  2  1  2  2  0  2  2  2  2  2  1  1  4  2
  1  1  1  1  1  2  1  3  2  2  2  1  0  3  1  1  1  1  1  1  1  1  4  1
  2  2  1  2  1  1  1  1  0  2  2  1  1  3  1  4  0  1  2  2  2  1  1  1
  2  1  2  2  1  1  1  1  1  2  1  2  1  1  2  1  1  2  1  2  1  2  1  1
  1  1  2  1  3  1  1  2  2  1  1  1  2  1  2  2  2  2  1  2  0  1  1  1
  1  2  2  0  2  2  1  2  2  2  2  1  2  2  2  1  2  1  1  1  1  0  2  2
  1  1  2  2  1  4  1  1  2  2  2  2  2  1  1  1  0  2  2  1  1  3  1  0
  1  1  2  2  2  2  1  2  1  2  1  3  1  2  3  2  1  2  1  1  2  1  3  2
  1  2  1  1  1  1  1  2  2  2  2  1  2  4  2  1  2  2  2  2  2  2  2  2
  2  2  2  1  2  1  1  2  2  2  1  2  1  1  1  1  1  1  1  1  1  2  1  1
  2  1  2  1  3  1  2  1  3  2  2  1  1  4  1  4  2  2  1  3  1  2  2  2
  2  1  2  2  2  0  1  1  1  1  2  1  1  1  1  1  2  1  1  1  2  0  2  2
  1  1  1  0  1  2  1  2  2  2  1  1  1  1  2  1  1  1  1  1  1  1  2  1
  2  1  1  1  1  1  2  1  1  2  2  1  1  1  3  1  1  2  2  2  2  4  2  2
  2  1  2  1  1 -1  2  2  2  1  4  0  2  2  2  1  3  1  1  3  2  1  1  1
  2  2  1  1  1  1  1  2  1  1  2  2  2  2  2  2  1  2  0  2  1  4  2  1
  1  0  1  1  2  1  1  3  1  2  2  2  2  2  2  2  2  2  1  2  2  2  2  2
  2  1  2  2  1  1  1  1  1  2  2  1  1  1  2  1  1  1  1  2  1  3  2  2
  2  1  2  4  1  1  1  2  1  4  1  2  2  1  2  2  2  1  4  2  2  2  1  1
  2  1  2  2  0  1  1  3  2  1  1  3  1  2  2  4  1  1  2  0  2  1  1  1
  2  1  2  2  1  4  2  2  3  0  2  1  1  1  2  1  1  2  1  4  2  1  1  1
  2  2  2  1  2  1  1  2  2  2  1  2  2  2  2  4  1  1  1  2  0  2  2  2
  1  2  2  1  1  1  2  2  2  2  2  2  1  1  2  1  1  1  1  1  4  4  2  2
  2  1  1  1  1  2  2  2  0  2  2  2  3  1  2  1  1  2  2  1  2  2  2  2
  2  2  2  1  1  1  2  1  2  2  2  2  1  2  1  1  1  0  1  1  1  2  1  2
  4  2  4  2  2  1  2  1  1  2  2  2  2  3  1  1  0  1  2  2  2  2  2  2
  0  2  1  2  1  2  1  1  1  2  2  2  4  1  2  2  2  2  2  3  1  1  1  1
  4  1  1  1  1  1  2  2  2  2  4]"
"DBSCAN (euclidean, eps=1.5, min_samples=10)",5,1,50,0.0028416866050421674,0.041947408349747195,0.02838356851198852,0.08034000925170676,0.0419474083497472,0.03646829432409907,0.6373386519173169,0.06898905887478848,0.9387295648175079,169465.40064303737,0.16455096598397995,"[ 0  1  1  1  2  1  0  1  2  2  2  1  2  1  1  1  1  1  1  0  1  2  4  2
  1  2  1  1  1  1  3  2  1  1  2  1  2  2  0  2  2  2  2  2  1  1  3  2
  1  1  1  1  1  2  1  4  2  2  2  1  0  4  1  1  1  1  1  1  1  1  3  1
  2  2  1  2  1  1  1  1  0  2  2  1  1  4  1  3  0  1  2  2  2  1  1  1
  2  1  2  2  1  1  1  1  1  2  1  2  1  1  2  1  1  2  1  2  1  2  1  1
  1  1  2  1  4  1  1  2  2  1  1  1  2  1  2  2  2  2  1  2  0  1  1  1
  1  2  2  0  2  2  1  2  2  2  2  1  2  2  2  1  2  1  1  1  1  0  2  2
  1  1  2  2  1  3  1  1  2  2  2  2  2  1  1  1  0  2  2  1  1  4  1  0
  1  1  2  2  2  2  1  2  1  2  1  4  1  2  4  2  1  2  1  1  2  1  4  2
  1  2  1  1  1  1  1  2  2  2  2  1  2  3  2  1  2  2  2  2  2  2  2  2
  2  2  2  1  2  1  1  2  2  2  1  2  1  1  1  1  1  1  1  1  1  2  1  1
  2  1  2  1  4  1  2  1  4  2  2  1  1  3  1  3  2  2  1  4  1  2  2  2
  2  1  2  2  2  0  1  1  1  1  2  1  1  1  1  1  2  1  1  1  2  0  2  2
  1  1  1  0  1  2  1  2  2  2  1  1  1  1  2  1  1  1  1  1  1  1  2  1
  2  1  1  1  1  1  2  1  1  2  2  1  1  1  4  1  1  2  2  2  2  3  2  2
  2  1  2  1  1 -1  2  2  2  1  3  0  2  2  2  1  4  1  1  4  2  1  1  1
  2  2  1  1  1  1  1  2  1  1  2  2  2  2  2  2  1  2  0  2  1  3  2  1
  1  0  1  1  2  1  1  4  1  2  2  2  2  2  2  2  2  2  1  2  2  2  2  2
  2  1  2  2  1  1  1  1  1  2  2  1  1  1  2  1  1  1  1  2  1  4  2  2
  2  1  2  3  1  1  1  2  1  3  1  2  2  1  2  2  2  1  3  2  2  2  1  1
  2  1  2  2  0  1  1  4  2  1  1  4  1  2  2  3  1  1  2  0  2  1  1  1
  2  1  2  2  1  3  2  2  4  0  2  1  1  1  2  1  1  2  1  3  2  1  1  1
  2  2  2  1  2  1  1  2  2  2  1  2  2  2  2  3  1  1  1  2  0  2  2  2
  1  2  2  1  1  1  2  2  2  2  2  2  1  1  2  1  1  1  1  1  3  3  2  2
  2  1  1  1  1  2  2  2  0  2  2  2  4  1  2  1  1  2  2  1  2  2  2  2
  2  2  2  1  1  1  2  1  2  2  2  2  1  2  1  1  1  0  1  1  1  2  1  2
  3  2  3  2  2  1  2  1  1  2  2  2  2  4  1  1  0  1  2  2  2  2  2  2
  0  2  1  2  1  2  1  1  1  2  2  2  3  1  2  2  2  2  2  4  1  1  1  1
  3  1  1  1  1  1  2  2  2  2  3]"
"DBSCAN (euclidean, eps=1.5, min_samples=15)",5,1,50,0.0028416866050421674,0.041947408349747195,0.02838356851198852,0.08034000925170676,0.0419474083497472,0.03646829432409907,0.6373386519173169,0.06898905887478848,0.9387295648175079,169465.40064303737,0.16455096598397995,"[ 0  1  1  1  2  1  0  1  2  2  2  1  2  1  1  1  1  1  1  0  1  2  4  2
  1  2  1  1  1  1  3  2  1  1  2  1  2  2  0  2  2  2  2  2  1  1  3  2
  1  1  1  1  1  2  1  4  2  2  2  1  0  4  1  1  1  1  1  1  1  1  3  1
  2  2  1  2  1  1  1  1  0  2  2  1  1  4  1  3  0  1  2  2  2  1  1  1
  2  1  2  2  1  1  1  1  1  2  1  2  1  1  2  1  1  2  1  2  1  2  1  1
  1  1  2  1  4  1  1  2  2  1  1  1  2  1  2  2  2  2  1  2  0  1  1  1
  1  2  2  0  2  2  1  2  2  2  2  1  2  2  2  1  2  1  1  1  1  0  2  2
  1  1  2  2  1  3  1  1  2  2  2  2  2  1  1  1  0  2  2  1  1  4  1  0
  1  1  2  2  2  2  1  2  1  2  1  4  1  2  4  2  1  2  1  1  2  1  4  2
  1  2  1  1  1  1  1  2  2  2  2  1  2  3  2  1  2  2  2  2  2  2  2  2
  2  2  2  1  2  1  1  2  2  2  1  2  1  1  1  1  1  1  1  1  1  2  1  1
  2  1  2  1  4  1  2  1  4  2  2  1  1  3  1  3  2  2  1  4  1  2  2  2
  2  1  2  2  2  0  1  1  1  1  2  1  1  1  1  1  2  1  1  1  2  0  2  2
  1  1  1  0  1  2  1  2  2  2  1  1  1  1  2  1  1  1  1  1  1  1  2  1
  2  1  1  1  1  1  2  1  1  2  2  1  1  1  4  1  1  2  2  2  2  3  2  2
  2  1  2  1  1 -1  2  2  2  1  3  0  2  2  2  1  4  1  1  4  2  1  1  1
  2  2  1  1  1  1  1  2  1  1  2  2  2  2  2  2  1  2  0  2  1  3  2  1
  1  0  1  1  2  1  1  4  1  2  2  2  2  2  2  2  2  2  1  2  2  2  2  2
  2  1  2  2  1  1  1  1  1  2  2  1  1  1  2  1  1  1  1  2  1  4  2  2
  2  1  2  3  1  1  1  2  1  3  1  2  2  1  2  2  2  1  3  2  2  2  1  1
  2  1  2  2  0  1  1  4  2  1  1  4  1  2  2  3  1  1  2  0  2  1  1  1
  2  1  2  2  1  3  2  2  4  0  2  1  1  1  2  1  1  2  1  3  2  1  1  1
  2  2  2  1  2  1  1  2  2  2  1  2  2  2  2  3  1  1  1  2  0  2  2  2
  1  2  2  1  1  1  2  2  2  2  2  2  1  1  2  1  1  1  1  1  3  3  2  2
  2  1  1  1  1  2  2  2  0  2  2  2  4  1  2  1  1  2  2  1  2  2  2  2
  2  2  2  1  1  1  2  1  2  2  2  2  1  2  1  1  1  0  1  1  1  2  1  2
  3  2  3  2  2  1  2  1  1  2  2  2  2  4  1  1  0  1  2  2  2  2  2  2
  0  2  1  2  1  2  1  1  1  2  2  2  3  1  2  2  2  2  2  4  1  1  1  1
  3  1  1  1  1  1  2  2  2  2  3]"
"DBSCAN (euclidean, eps=2.0, min_samples=5)",5,0,50,0.002833713172670982,0.041896837636428354,0.028348823173667843,0.08024737464620395,0.04189683763642836,0.036663004616723074,0.6376456434007789,0.06933918239538676,0.9378151796886294,159823.10087862017,0.16489284695775897,"[0 1 1 1 2 1 0 1 2 2 2 1 2 1 1 1 1 1 1 0 1 2 3 2 1 2 1 1 1 1 4 2 1 1 2 1 2
 2 0 2 2 2 2 2 1 1 4 2 1 1 1 1 1 2 1 3 2 2 2 1 0 3 1 1 1 1 1 1 1 1 4 1 2 2
 1 2 1 1 1 1 0 2 2 1 1 3 1 4 0 1 2 2 2 1 1 1 2 1 2 2 1 1 1 1 1 2 1 2 1 1 2
 1 1 2 1 2 1 2 1 1 1 1 2 1 3 1 1 2 2 1 1 1 2 1 2 2 2 2 1 2 0 1 1 1 1 2 2 0
 2 2 1 2 2 2 2 1 2 2 2 1 2 1 1 1 1 0 2 2 1 1 2 2 1 4 1 1 2 2 2 2 2 1 1 1 0
 2 2 1 1 3 1 0 1 1 2 2 2 2 1 2 1 2 1 3 1 2 3 2 1 2 1 1 2 1 3 2 1 2 1 1 1 1
 1 2 2 2 2 1 2 4 2 1 2 2 2 2 2 2 2 2 2 2 2 1 2 1 1 2 2 2 1 2 1 1 1 1 1 1 1
 1 1 2 1 1 2 1 2 1 3 1 2 1 3 2 2 1 1 4 1 4 2 2 1 3 1 2 2 2 2 1 2 2 2 0 1 1
 1 1 2 1 1 1 1 1 2 1 1 1 2 0 2 2 1 1 1 0 1 2 1 2 2 2 1 1 1 1 2 1 1 1 1 1 1
 1 2 1 2 1 1 1 1 1 2 1 1 2 2 1 1 1 3 1 1 2 2 2 2 4 2 2 2 1 2 1 1 2 2 2 2 1
 4 0 2 2 2 1 3 1 1 3 2 1 1 1 2 2 1 1 1 1 1 2 1 1 2 2 2 2 2 2 1 2 0 2 1 4 2
 1 1 0 1 1 2 1 1 3 1 2 2 2 2 2 2 2 2 2 1 2 2 2 2 2 2 1 2 2 1 1 1 1 1 2 2 1
 1 1 2 1 1 1 1 2 1 3 2 2 2 1 2 4 1 1 1 2 1 4 1 2 2 1 2 2 2 1 4 2 2 2 1 1 2
 1 2 2 0 1 1 3 2 1 1 3 1 2 2 4 1 1 2 0 2 1 1 1 2 1 2 2 1 4 2 2 3 0 2 1 1 1
 2 1 1 2 1 4 2 1 1 1 2 2 2 1 2 1 1 2 2 2 1 2 2 2 2 4 1 1 1 2 0 2 2 2 1 2 2
 1 1 1 2 2 2 2 2 2 1 1 2 1 1 1 1 1 4 4 2 2 2 1 1 1 1 2 2 2 0 2 2 2 3 1 2 1
 1 2 2 1 2 2 2 2 2 2 2 1 1 1 2 1 2 2 2 2 1 2 1 1 1 0 1 1 1 2 1 2 4 2 4 2 2
 1 2 1 1 2 2 2 2 3 1 1 0 1 2 2 2 2 2 2 0 2 1 2 1 2 1 1 1 2 2 2 4 1 2 2 2 2
 2 3 1 1 1 1 4 1 1 1 1 1 2 2 2 2 4]"
"DBSCAN (euclidean, eps=2.0, min_samples=10)",5,0,50,0.002833713172670982,0.041896837636428354,0.028348823173667843,0.08024737464620395,0.04189683763642836,0.036663004616723074,0.6376456434007789,0.06933918239538676,0.9378151796886294,159823.10087862017,0.16489284695775897,"[0 1 1 1 2 1 0 1 2 2 2 1 2 1 1 1 1 1 1 0 1 2 3 2 1 2 1 1 1 1 4 2 1 1 2 1 2
 2 0 2 2 2 2 2 1 1 4 2 1 1 1 1 1 2 1 3 2 2 2 1 0 3 1 1 1 1 1 1 1 1 4 1 2 2
 1 2 1 1 1 1 0 2 2 1 1 3 1 4 0 1 2 2 2 1 1 1 2 1 2 2 1 1 1 1 1 2 1 2 1 1 2
 1 1 2 1 2 1 2 1 1 1 1 2 1 3 1 1 2 2 1 1 1 2 1 2 2 2 2 1 2 0 1 1 1 1 2 2 0
 2 2 1 2 2 2 2 1 2 2 2 1 2 1 1 1 1 0 2 2 1 1 2 2 1 4 1 1 2 2 2 2 2 1 1 1 0
 2 2 1 1 3 1 0 1 1 2 2 2 2 1 2 1 2 1 3 1 2 3 2 1 2 1 1 2 1 3 2 1 2 1 1 1 1
 1 2 2 2 2 1 2 4 2 1 2 2 2 2 2 2 2 2 2 2 2 1 2 1 1 2 2 2 1 2 1 1 1 1 1 1 1
 1 1 2 1 1 2 1 2 1 3 1 2 1 3 2 2 1 1 4 1 4 2 2 1 3 1 2 2 2 2 1 2 2 2 0 1 1
 1 1 2 1 1 1 1 1 2 1 1 1 2 0 2 2 1 1 1 0 1 2 1 2 2 2 1 1 1 1 2 1 1 1 1 1 1
 1 2 1 2 1 1 1 1 1 2 1 1 2 2 1 1 1 3 1 1 2 2 2 2 4 2 2 2 1 2 1 1 2 2 2 2 1
 4 0 2 2 2 1 3 1 1 3 2 1 1 1 2 2 1 1 1 1 1 2 1 1 2 2 2 2 2 2 1 2 0 2 1 4 2
 1 1 0 1 1 2 1 1 3 1 2 2 2 2 2 2 2 2 2 1 2 2 2 2 2 2 1 2 2 1 1 1 1 1 2 2 1
 1 1 2 1 1 1 1 2 1 3 2 2 2 1 2 4 1 1 1 2 1 4 1 2 2 1 2 2 2 1 4 2 2 2 1 1 2
 1 2 2 0 1 1 3 2 1 1 3 1 2 2 4 1 1 2 0 2 1 1 1 2 1 2 2 1 4 2 2 3 0 2 1 1 1
 2 1 1 2 1 4 2 1 1 1 2 2 2 1 2 1 1 2 2 2 1 2 2 2 2 4 1 1 1 2 0 2 2 2 1 2 2
 1 1 1 2 2 2 2 2 2 1 1 2 1 1 1 1 1 4 4 2 2 2 1 1 1 1 2 2 2 0 2 2 2 3 1 2 1
 1 2 2 1 2 2 2 2 2 2 2 1 1 1 2 1 2 2 2 2 1 2 1 1 1 0 1 1 1 2 1 2 4 2 4 2 2
 1 2 1 1 2 2 2 2 3 1 1 0 1 2 2 2 2 2 2 0 2 1 2 1 2 1 1 1 2 2 2 4 1 2 2 2 2
 2 3 1 1 1 1 4 1 1 1 1 1 2 2 2 2 4]"
"DBSCAN (euclidean, eps=2.0, min_samples=15)",5,0,50,0.002833713172670982,0.041896837636428354,0.028348823173667843,0.08024737464620395,0.04189683763642836,0.036663004616723074,0.6376456434007789,0.06933918239538676,0.9378151796886294,159823.10087862017,0.16489284695775897,"[0 1 1 1 2 1 0 1 2 2 2 1 2 1 1 1 1 1 1 0 1 2 3 2 1 2 1 1 1 1 4 2 1 1 2 1 2
 2 0 2 2 2 2 2 1 1 4 2 1 1 1 1 1 2 1 3 2 2 2 1 0 3 1 1 1 1 1 1 1 1 4 1 2 2
 1 2 1 1 1 1 0 2 2 1 1 3 1 4 0 1 2 2 2 1 1 1 2 1 2 2 1 1 1 1 1 2 1 2 1 1 2
 1 1 2 1 2 1 2 1 1 1 1 2 1 3 1 1 2 2 1 1 1 2 1 2 2 2 2 1 2 0 1 1 1 1 2 2 0
 2 2 1 2 2 2 2 1 2 2 2 1 2 1 1 1 1 0 2 2 1 1 2 2 1 4 1 1 2 2 2 2 2 1 1 1 0
 2 2 1 1 3 1 0 1 1 2 2 2 2 1 2 1 2 1 3 1 2 3 2 1 2 1 1 2 1 3 2 1 2 1 1 1 1
 1 2 2 2 2 1 2 4 2 1 2 2 2 2 2 2 2 2 2 2 2 1 2 1 1 2 2 2 1 2 1 1 1 1 1 1 1
 1 1 2 1 1 2 1 2 1 3 1 2 1 3 2 2 1 1 4 1 4 2 2 1 3 1 2 2 2 2 1 2 2 2 0 1 1
 1 1 2 1 1 1 1 1 2 1 1 1 2 0 2 2 1 1 1 0 1 2 1 2 2 2 1 1 1 1 2 1 1 1 1 1 1
 1 2 1 2 1 1 1 1 1 2 1 1 2 2 1 1 1 3 1 1 2 2 2 2 4 2 2 2 1 2 1 1 2 2 2 2 1
 4 0 2 2 2 1 3 1 1 3 2 1 1 1 2 2 1 1 1 1 1 2 1 1 2 2 2 2 2 2 1 2 0 2 1 4 2
 1 1 0 1 1 2 1 1 3 1 2 2 2 2 2 2 2 2 2 1 2 2 2 2 2 2 1 2 2 1 1 1 1 1 2 2 1
 1 1 2 1 1 1 1 2 1 3 2 2 2 1 2 4 1 1 1 2 1 4 1 2 2 1 2 2 2 1 4 2 2 2 1 1 2
 1 2 2 0 1 1 3 2 1 1 3 1 2 2 4 1 1 2 0 2 1 1 1 2 1 2 2 1 4 2 2 3 0 2 1 1 1
 2 1 1 2 1 4 2 1 1 1 2 2 2 1 2 1 1 2 2 2 1 2 2 2 2 4 1 1 1 2 0 2 2 2 1 2 2
 1 1 1 2 2 2 2 2 2 1 1 2 1 1 1 1 1 4 4 2 2 2 1 1 1 1 2 2 2 0 2 2 2 3 1 2 1
 1 2 2 1 2 2 2 2 2 2 2 1 1 1 2 1 2 2 2 2 1 2 1 1 1 0 1 1 1 2 1 2 4 2 4 2 2
 1 2 1 1 2 2 2 2 3 1 1 0 1 2 2 2 2 2 2 0 2 1 2 1 2 1 1 1 2 2 2 4 1 2 2 2 2
 2 3 1 1 1 1 4 1 1 1 1 1 2 2 2 2 4]"
