embedding_size,algorithm,n_clusters,ari_score,nmi_score,homogeneity,completeness,v_measure,precision,recall,f1_score,silhouette_score,calinski_harabasz_score,davies_bouldin_score,noise_points,total_points,noise_percentage,clustered_points,clustered_percentage
50,K-means++,13,0.525112799465333,0.7546740447196578,0.9797370715334881,0.6136969440409374,0.7546740447196578,0.6464328537170264,0.8244029120863984,0.7246507590621938,0.6191384626849145,1973516.144559775,0.36933104709321984,0,962,0.0,962,100.0
50,Hierarchical (ward),13,0.5370001035034302,0.7556788543662064,0.9797676604382105,0.615014932246263,0.7556788543662065,0.6477272727272727,0.8239489076232195,0.7252875135538304,0.5647469939339185,1663028.6858449455,0.3888864496521914,0,962,0.0,962,100.0
50,Hierarchical (complete),13,0.762848907087942,0.834146735503188,0.9784140745645613,0.7269568163888129,0.8341467355031879,0.6458333333333334,0.8807161611152435,0.7452046017794612,0.5394234856335551,1155591.9521577023,0.389291311524335,0,962,0.0,962,100.0
50,Hierarchical (average),13,0.9784765065903129,0.9458485987501453,0.9801498088517979,0.9138670137313312,0.9458485987501453,0.6666666666666666,0.9008749093921508,0.7662741226144872,0.8083864125101806,758437.5923683214,0.24687925995338936,0,962,0.0,962,100.0
50,Hierarchical (single),13,0.9851279055995995,0.970501855077853,0.9801498088517979,0.9610419862148645,0.9705018550778529,0.6666666666666666,0.9686366366366367,0.7897712387094563,0.7386873637621053,635490.8499337441,0.21201501645147242,0,962,0.0,962,100.0
50,"DBSCAN (euclidean, eps=0.1, min_samples=2)",37,0.34044357115658536,0.5535420237212014,0.840967974002187,0.41254308818581376,0.5535420237212014,0.5058479532163743,0.7056467045071916,0.5892720019740937,,,,114,962,11.85031185031185,848,88.14968814968816
50,"DBSCAN (euclidean, eps=0.1, min_samples=3)",24,0.3329161192139365,0.5425968074239598,0.7936810361206391,0.41219670179913565,0.5425968074239597,0.4238095238095238,0.7473133711738583,0.5408800824070252,,,,140,962,14.553014553014554,822,85.44698544698545
50,"DBSCAN (euclidean, eps=0.1, min_samples=4)",19,0.3289635226075983,0.5422800610140002,0.7763705331069891,0.41665166483036,0.5422800610140002,0.4230769230769231,0.7473133711738583,0.5402830888184588,,,,156,962,16.216216216216218,806,83.78378378378379
50,"DBSCAN (euclidean, eps=0.1, min_samples=5)",18,0.32188156683401237,0.5345484972731114,0.7592005513461146,0.412490155146869,0.5345484972731115,0.42265469061876243,0.7471222396753873,0.5398887785981445,,,,167,962,17.35966735966736,795,82.64033264033263
50,"DBSCAN (euclidean, eps=0.25, min_samples=2)",15,0.8633615694240957,0.8323676927622744,0.9621573824745913,0.733431812698226,0.8323676927622744,0.6017857142857143,0.8359387121111258,0.6997947113239358,,,,20,962,2.079002079002079,942,97.92099792099792
50,"DBSCAN (euclidean, eps=0.25, min_samples=3)",14,0.8631752390397652,0.8295035449536315,0.9565003819276475,0.7322773364963252,0.8295035449536314,0.5241341991341992,0.8359387121111258,0.644294969446102,,,,22,962,2.2869022869022873,940,97.71309771309772
50,"DBSCAN (euclidean, eps=0.25, min_samples=4)",13,0.8630419480111585,0.8297680084745217,0.9535929602689049,0.7344048420564719,0.8297680084745216,0.520952380952381,0.8359387121111258,0.641885357831258,,,,25,962,2.598752598752599,937,97.4012474012474
50,"DBSCAN (euclidean, eps=0.25, min_samples=5)",10,0.8620406774019603,0.8252117734744208,0.9356461126307987,0.738094461692123,0.8252117734744208,0.43906048906048906,0.8359387121111258,0.5757300230883899,,,,37,962,3.8461538461538463,925,96.15384615384616
50,"DBSCAN (euclidean, eps=0.5, min_samples=2)",10,0.9871096756957702,0.9649011909566821,0.976679094277719,0.9534039655143525,0.964901190956682,0.6388888888888888,0.9583764108936522,0.7666804511141979,,,,3,962,0.31185031185031187,959,99.68814968814968
50,"DBSCAN (euclidean, eps=0.5, min_samples=3)",8,0.9870538517722561,0.963228560463779,0.9719156264349648,0.9546954102747388,0.9632285604637791,0.5476190476190476,0.9583764108936522,0.6969810890564742,,,,7,962,0.7276507276507277,955,99.27234927234927
50,"DBSCAN (euclidean, eps=0.5, min_samples=4)",8,0.9870538517722561,0.963228560463779,0.9719156264349648,0.9546954102747388,0.9632285604637791,0.5476190476190476,0.9583764108936522,0.6969810890564742,,,,7,962,0.7276507276507277,955,99.27234927234927
50,"DBSCAN (euclidean, eps=0.5, min_samples=5)",6,0.9849592943217205,0.9539676802603895,0.9574462033648092,0.9505143414865519,0.9539676802603895,0.4583333333333333,0.95815418867143,0.6200605318704605,,,,16,962,1.6632016632016633,946,98.33679833679834
50,"DBSCAN (euclidean, eps=0.75, min_samples=2)",6,0.9804637103438149,0.9648775475767556,0.9495591181229992,0.9806983192722395,0.9648775475767554,0.5,0.9991111111111111,0.6664690186777349,,,,1,962,0.10395010395010396,961,99.8960498960499
50,"DBSCAN (euclidean, eps=0.75, min_samples=3)",6,0.9804637103438149,0.9648775475767556,0.9495591181229992,0.9806983192722395,0.9648775475767554,0.5,0.9991111111111111,0.6664690186777349,,,,1,962,0.10395010395010396,961,99.8960498960499
50,"DBSCAN (euclidean, eps=0.75, min_samples=4)",6,0.9804637103438149,0.9648775475767556,0.9495591181229992,0.9806983192722395,0.9648775475767554,0.5,0.9991111111111111,0.6664690186777349,,,,1,962,0.10395010395010396,961,99.8960498960499
50,"DBSCAN (euclidean, eps=0.75, min_samples=5)",5,0.9804451673499048,0.9637656884879533,0.9474472267039651,0.9806561274356336,0.9637656884879534,0.4333333333333333,0.9991111111111111,0.6044885717240666,,,,5,962,0.5197505197505198,957,99.48024948024948
50,"DBSCAN (euclidean, eps=1.0, min_samples=2)",5,0.9873661609727604,0.9741175304367469,0.9495410627802772,0.9999999999999998,0.9741175304367466,0.5,1.0,0.6666666666666666,,,,1,962,0.10395010395010396,961,99.8960498960499
50,"DBSCAN (euclidean, eps=1.0, min_samples=3)",5,0.9873661609727604,0.9741175304367469,0.9495410627802772,0.9999999999999998,0.9741175304367466,0.5,1.0,0.6666666666666666,,,,1,962,0.10395010395010396,961,99.8960498960499
50,"DBSCAN (euclidean, eps=1.0, min_samples=4)",5,0.9873661609727604,0.9741175304367469,0.9495410627802772,0.9999999999999998,0.9741175304367466,0.5,1.0,0.6666666666666666,,,,1,962,0.10395010395010396,961,99.8960498960499
50,"DBSCAN (euclidean, eps=1.0, min_samples=5)",5,0.9873661609727604,0.9741175304367469,0.9495410627802772,0.9999999999999998,0.9741175304367466,0.5,1.0,0.6666666666666666,,,,1,962,0.10395010395010396,961,99.8960498960499
50,"DBSCAN (euclidean, eps=1.25, min_samples=2)",5,0.9873661609727604,0.9741175304367469,0.9495410627802772,0.9999999999999998,0.9741175304367466,0.5,1.0,0.6666666666666666,,,,1,962,0.10395010395010396,961,99.8960498960499
50,"DBSCAN (euclidean, eps=1.25, min_samples=3)",5,0.9873661609727604,0.9741175304367469,0.9495410627802772,0.9999999999999998,0.9741175304367466,0.5,1.0,0.6666666666666666,,,,1,962,0.10395010395010396,961,99.8960498960499
50,"DBSCAN (euclidean, eps=1.25, min_samples=4)",5,0.9873661609727604,0.9741175304367469,0.9495410627802772,0.9999999999999998,0.9741175304367466,0.5,1.0,0.6666666666666666,,,,1,962,0.10395010395010396,961,99.8960498960499
50,"DBSCAN (euclidean, eps=1.25, min_samples=5)",5,0.9873661609727604,0.9741175304367469,0.9495410627802772,0.9999999999999998,0.9741175304367466,0.5,1.0,0.6666666666666666,,,,1,962,0.10395010395010396,961,99.8960498960499
50,"DBSCAN (euclidean, eps=1.5, min_samples=2)",5,0.9873661609727604,0.9741175304367469,0.9495410627802772,0.9999999999999998,0.9741175304367466,0.5,1.0,0.6666666666666666,,,,1,962,0.10395010395010396,961,99.8960498960499
50,"DBSCAN (euclidean, eps=1.5, min_samples=3)",5,0.9873661609727604,0.9741175304367469,0.9495410627802772,0.9999999999999998,0.9741175304367466,0.5,1.0,0.6666666666666666,,,,1,962,0.10395010395010396,961,99.8960498960499
50,"DBSCAN (euclidean, eps=1.5, min_samples=4)",5,0.9873661609727604,0.9741175304367469,0.9495410627802772,0.9999999999999998,0.9741175304367466,0.5,1.0,0.6666666666666666,,,,1,962,0.10395010395010396,961,99.8960498960499
50,"DBSCAN (euclidean, eps=1.5, min_samples=5)",5,0.9873661609727604,0.9741175304367469,0.9495410627802772,0.9999999999999998,0.9741175304367466,0.5,1.0,0.6666666666666666,,,,1,962,0.10395010395010396,961,99.8960498960499
50,"DBSCAN (euclidean, eps=1.75, min_samples=2)",5,0.9873661609727604,0.9741175304367469,0.9495410627802772,0.9999999999999998,0.9741175304367466,0.5,1.0,0.6666666666666666,,,,1,962,0.10395010395010396,961,99.8960498960499
50,"DBSCAN (euclidean, eps=1.75, min_samples=3)",5,0.9873661609727604,0.9741175304367469,0.9495410627802772,0.9999999999999998,0.9741175304367466,0.5,1.0,0.6666666666666666,,,,1,962,0.10395010395010396,961,99.8960498960499
50,"DBSCAN (euclidean, eps=1.75, min_samples=4)",5,0.9873661609727604,0.9741175304367469,0.9495410627802772,0.9999999999999998,0.9741175304367466,0.5,1.0,0.6666666666666666,,,,1,962,0.10395010395010396,961,99.8960498960499
50,"DBSCAN (euclidean, eps=1.75, min_samples=5)",5,0.9873661609727604,0.9741175304367469,0.9495410627802772,0.9999999999999998,0.9741175304367466,0.5,1.0,0.6666666666666666,,,,1,962,0.10395010395010396,961,99.8960498960499
50,"DBSCAN (euclidean, eps=2.0, min_samples=2)",5,0.985619309476714,0.9710285865357161,0.9436885940946702,1.0000000000000004,0.9710285865357161,0.4166666666666667,1.0,0.5882352941176471,0.9278668222500119,191052.49966833732,0.2127492280532693,0,962,0.0,962,100.0
50,"DBSCAN (euclidean, eps=2.0, min_samples=3)",5,0.985619309476714,0.9710285865357161,0.9436885940946702,1.0000000000000004,0.9710285865357161,0.4166666666666667,1.0,0.5882352941176471,0.9278668222500119,191052.49966833732,0.2127492280532693,0,962,0.0,962,100.0
50,"DBSCAN (euclidean, eps=2.0, min_samples=4)",5,0.985619309476714,0.9710285865357161,0.9436885940946702,1.0000000000000004,0.9710285865357161,0.4166666666666667,1.0,0.5882352941176471,0.9278668222500119,191052.49966833732,0.2127492280532693,0,962,0.0,962,100.0
50,"DBSCAN (euclidean, eps=2.0, min_samples=5)",5,0.985619309476714,0.9710285865357161,0.9436885940946702,1.0000000000000004,0.9710285865357161,0.4166666666666667,1.0,0.5882352941176471,0.9278668222500119,191052.49966833732,0.2127492280532693,0,962,0.0,962,100.0
50,"DBSCAN (euclidean, eps=2.5, min_samples=2)",5,0.985619309476714,0.9710285865357161,0.9436885940946702,1.0000000000000004,0.9710285865357161,0.4166666666666667,1.0,0.5882352941176471,0.9278668222500119,191052.49966833732,0.2127492280532693,0,962,0.0,962,100.0
50,"DBSCAN (euclidean, eps=2.5, min_samples=3)",5,0.985619309476714,0.9710285865357161,0.9436885940946702,1.0000000000000004,0.9710285865357161,0.4166666666666667,1.0,0.5882352941176471,0.9278668222500119,191052.49966833732,0.2127492280532693,0,962,0.0,962,100.0
50,"DBSCAN (euclidean, eps=2.5, min_samples=4)",5,0.985619309476714,0.9710285865357161,0.9436885940946702,1.0000000000000004,0.9710285865357161,0.4166666666666667,1.0,0.5882352941176471,0.9278668222500119,191052.49966833732,0.2127492280532693,0,962,0.0,962,100.0
50,"DBSCAN (euclidean, eps=2.5, min_samples=5)",5,0.985619309476714,0.9710285865357161,0.9436885940946702,1.0000000000000004,0.9710285865357161,0.4166666666666667,1.0,0.5882352941176471,0.9278668222500119,191052.49966833732,0.2127492280532693,0,962,0.0,962,100.0
50,"DBSCAN (euclidean, eps=3.0, min_samples=2)",5,0.985619309476714,0.9710285865357161,0.9436885940946702,1.0000000000000004,0.9710285865357161,0.4166666666666667,1.0,0.5882352941176471,0.9278668222500119,191052.49966833732,0.2127492280532693,0,962,0.0,962,100.0
50,"DBSCAN (euclidean, eps=3.0, min_samples=3)",5,0.985619309476714,0.9710285865357161,0.9436885940946702,1.0000000000000004,0.9710285865357161,0.4166666666666667,1.0,0.5882352941176471,0.9278668222500119,191052.49966833732,0.2127492280532693,0,962,0.0,962,100.0
50,"DBSCAN (euclidean, eps=3.0, min_samples=4)",5,0.985619309476714,0.9710285865357161,0.9436885940946702,1.0000000000000004,0.9710285865357161,0.4166666666666667,1.0,0.5882352941176471,0.9278668222500119,191052.49966833732,0.2127492280532693,0,962,0.0,962,100.0
50,"DBSCAN (euclidean, eps=3.0, min_samples=5)",5,0.985619309476714,0.9710285865357161,0.9436885940946702,1.0000000000000004,0.9710285865357161,0.4166666666666667,1.0,0.5882352941176471,0.9278668222500119,191052.49966833732,0.2127492280532693,0,962,0.0,962,100.0
50,"DBSCAN (cosine, eps=0.1, min_samples=2)",2,-0.0016668257296314367,0.02106908623865386,0.011269710960047443,0.16148864174283886,0.02106908623865386,0.08333333333333333,0.9968888888888889,0.15380922992525545,,,,8,962,0.8316008316008316,954,99.16839916839916
50,"DBSCAN (cosine, eps=0.1, min_samples=3)",2,-0.0016668257296314367,0.02106908623865386,0.011269710960047443,0.16148864174283886,0.02106908623865386,0.08333333333333333,0.9968888888888889,0.15380922992525545,,,,8,962,0.8316008316008316,954,99.16839916839916
50,"DBSCAN (cosine, eps=0.1, min_samples=4)",2,-0.0016668257296314367,0.02106908623865386,0.011269710960047443,0.16148864174283886,0.02106908623865386,0.08333333333333333,0.9968888888888889,0.15380922992525545,,,,8,962,0.8316008316008316,954,99.16839916839916
50,"DBSCAN (cosine, eps=0.1, min_samples=5)",2,-0.0016668257296314367,0.02106908623865386,0.011269710960047443,0.16148864174283886,0.02106908623865386,0.08333333333333333,0.9968888888888889,0.15380922992525545,,,,8,962,0.8316008316008316,954,99.16839916839916
100,K-means++,13,0.525112799465333,0.7546740447196578,0.9797370715334881,0.6136969440409374,0.7546740447196578,0.6477713178294574,0.8244029120863984,0.7254909778106515,0.618001317073132,1993538.5102378542,0.37192589148113836,0,962,0.0,962,100.0
100,Hierarchical (ward),13,0.5370001035034302,0.7556788543662064,0.9797676604382105,0.615014932246263,0.7556788543662065,0.6477272727272727,0.8239489076232195,0.7252875135538304,0.5628763820666023,1677130.2754188657,0.39213165708516595,0,962,0.0,962,100.0
100,Hierarchical (complete),13,0.6670059827800973,0.8045865868461018,0.9783278219002938,0.6832484895655313,0.8045865868461018,0.6458333333333334,0.866430738077527,0.7400425127511245,0.49270205590373806,1208898.8715169954,0.3986370832469336,0,962,0.0,962,100.0
100,Hierarchical (average),13,0.9784765065903129,0.9458485987501453,0.9801498088517979,0.9138670137313312,0.9458485987501453,0.6666666666666666,0.9008749093921508,0.7662741226144872,0.8089519775766123,766939.2537567563,0.24743086637532422,0,962,0.0,962,100.0
100,Hierarchical (single),13,0.9851279055995995,0.970501855077853,0.9801498088517979,0.9610419862148645,0.9705018550778529,0.6666666666666666,0.9686366366366367,0.7897712387094563,0.7388646745151068,643137.2859948929,0.22061748444369428,0,962,0.0,962,100.0
100,"DBSCAN (euclidean, eps=0.1, min_samples=2)",71,0.08997387074460618,0.36065520626854924,0.5774534759819009,0.2622110730250146,0.36065520626854924,0.24404761904761907,0.7304873288799262,0.3658641359896215,,,,420,962,43.65904365904366,542,56.34095634095634
100,"DBSCAN (euclidean, eps=0.1, min_samples=3)",40,0.07834508981521518,0.3461784517756392,0.4961428542154185,0.2658288749471493,0.34617845177563916,0.24343015214384509,0.8212503986338217,0.3755438367716977,,,,482,962,50.1039501039501,480,49.8960498960499
100,"DBSCAN (euclidean, eps=0.1, min_samples=4)",28,0.07866431715678288,0.3409000234591082,0.4558871356109577,0.27223497264681884,0.3409000234591082,0.24294871794871797,0.8277707859936586,0.3756461901965782,,,,520,962,54.054054054054056,442,45.94594594594595
100,"DBSCAN (euclidean, eps=0.1, min_samples=5)",23,0.08377462561633287,0.3409047977462668,0.43646415137372585,0.2796732133991422,0.3409047977462668,0.2432721712538226,0.8329221621404476,0.3765616981651615,,,,545,962,56.65280665280665,417,43.34719334719335
100,"DBSCAN (euclidean, eps=0.25, min_samples=2)",34,0.3691923916886387,0.570544599245513,0.861090521193621,0.4266021184500347,0.570544599245513,0.42509363295880154,0.6645740952006375,0.5185180935409174,,,,89,962,9.251559251559252,873,90.74844074844076
100,"DBSCAN (euclidean, eps=0.25, min_samples=3)",24,0.3649659810793599,0.5659387174638492,0.8307307477610822,0.4291491727620338,0.5659387174638489,0.42507645259938837,0.7062407618673041,0.5307199676567487,,,,109,962,11.33056133056133,853,88.66943866943868
100,"DBSCAN (euclidean, eps=0.25, min_samples=4)",19,0.3584324515409764,0.559652106940007,0.8025859877950108,0.429613011228544,0.5596521069400069,0.4237179487179487,0.7060185396450818,0.5295973538196029,,,,130,962,13.513513513513514,832,86.48648648648648
100,"DBSCAN (euclidean, eps=0.25, min_samples=5)",17,0.35269878671754423,0.5548998432635016,0.7867243068336114,0.4286031334371173,0.5548998432635016,0.4231678486997635,0.7058274081466109,0.5291137656203174,,,,141,962,14.656964656964657,821,85.34303534303534
100,"DBSCAN (euclidean, eps=0.5, min_samples=2)",14,0.8666890433142822,0.8361571676535474,0.949716998703196,0.7468541150216554,0.8361571676535475,0.5191539578794482,0.8322094113818251,0.6394206318313616,,,,27,962,2.806652806652807,935,97.1933471933472
100,"DBSCAN (euclidean, eps=0.5, min_samples=3)",13,0.8664569080853414,0.8344242880801767,0.9451858682868992,0.7468989544639288,0.8344242880801767,0.5176639621365787,0.8322094113818251,0.6382892346418922,,,,29,962,3.0145530145530146,933,96.98544698544698
100,"DBSCAN (euclidean, eps=0.5, min_samples=4)",12,0.8661387956767032,0.8331951032756361,0.9402925417641418,0.7479994617243754,0.8331951032756361,0.5157781862745098,0.8322094113818251,0.636853724098621,,,,32,962,3.3264033264033266,930,96.67359667359668
100,"DBSCAN (euclidean, eps=0.5, min_samples=5)",10,0.8652206252890534,0.8279933036074372,0.9254898487583832,0.7490807325405354,0.8279933036074372,0.4371323529411766,0.8322094113818251,0.5731878810922958,,,,40,962,4.158004158004158,922,95.84199584199584
100,"DBSCAN (euclidean, eps=0.75, min_samples=2)",11,0.9742150522222335,0.927021322405991,0.9678642129064141,0.8894859167022852,0.9270213224059909,0.602337036260742,0.8545418867143004,0.7066094776813132,,,,13,962,1.3513513513513513,949,98.64864864864865
100,"DBSCAN (euclidean, eps=0.75, min_samples=3)",9,0.9740103559022615,0.9245041354085058,0.9605353958864437,0.8910783237951031,0.9245041354085058,0.524282737618208,0.8545418867143004,0.649860108195979,,,,17,962,1.7671517671517671,945,98.23284823284824
100,"DBSCAN (euclidean, eps=0.75, min_samples=4)",9,0.9722566703359767,0.9224252127585959,0.9595596719191779,0.8880578373284157,0.9224252127585959,0.5229204614450516,0.8543196644920782,0.6487485003732351,,,,18,962,1.8711018711018712,944,98.12889812889813
100,"DBSCAN (euclidean, eps=0.75, min_samples=5)",7,0.9717364687313793,0.9184107425017985,0.9470138595642176,0.8914847965532223,0.9184107425017985,0.4452851338097239,0.8543196644920782,0.5854331203096882,,,,26,962,2.7027027027027026,936,97.2972972972973
100,"DBSCAN (euclidean, eps=1.0, min_samples=2)",9,0.977264083395086,0.9512143592247086,0.9555538325406392,0.9469141215791277,0.9512143592247086,0.5416666666666666,0.95815418867143,0.6920829026788836,,,,4,962,0.4158004158004158,958,99.58419958419958
100,"DBSCAN (euclidean, eps=1.0, min_samples=3)",7,0.9771900074858675,0.9491466585098334,0.9501447969620385,0.9481506149696184,0.9491466585098334,0.4583333333333333,0.95815418867143,0.6200605318704605,,,,8,962,0.8316008316008316,954,99.16839916839916
100,"DBSCAN (euclidean, eps=1.0, min_samples=4)",7,0.9771900074858675,0.9491466585098334,0.9501447969620385,0.9481506149696184,0.9491466585098334,0.4583333333333333,0.95815418867143,0.6200605318704605,,,,8,962,0.8316008316008316,954,99.16839916839916
100,"DBSCAN (euclidean, eps=1.0, min_samples=5)",6,0.9767226870518319,0.9460964191294284,0.9447323382189413,0.9474644448763374,0.9460964191294284,0.4423076923076923,0.9570280625453039,0.6050025840475777,,,,13,962,1.3513513513513513,949,98.64864864864865
100,"DBSCAN (euclidean, eps=1.25, min_samples=2)",7,0.9794889797955963,0.9566942678982422,0.9495591181229992,0.9639374589882755,0.9566942678982422,0.5,0.9617547892720307,0.657945365618398,,,,1,962,0.10395010395010396,961,99.8960498960499
100,"DBSCAN (euclidean, eps=1.25, min_samples=3)",7,0.9794889797955963,0.9566942678982422,0.9495591181229992,0.9639374589882755,0.9566942678982422,0.5,0.9617547892720307,0.657945365618398,,,,1,962,0.10395010395010396,961,99.8960498960499
100,"DBSCAN (euclidean, eps=1.25, min_samples=4)",7,0.9791421300150709,0.953928962659488,0.9483889786401392,0.9595340502598128,0.9539289626594879,0.4583333333333333,0.9606286631459046,0.6205777721569141,,,,2,962,0.2079002079002079,960,99.7920997920998
100,"DBSCAN (euclidean, eps=1.25, min_samples=5)",6,0.9791050444516766,0.9522303010256747,0.9451653760030199,0.9594016393125455,0.9522303010256746,0.4305555555555555,0.9606286631459046,0.5946071011780684,,,,6,962,0.6237006237006237,956,99.37629937629939
100,"DBSCAN (euclidean, eps=1.5, min_samples=2)",6,0.9804637103438149,0.9648775475767556,0.9495591181229992,0.9806983192722395,0.9648775475767554,0.5,0.9991111111111111,0.6664690186777349,,,,1,962,0.10395010395010396,961,99.8960498960499
100,"DBSCAN (euclidean, eps=1.5, min_samples=3)",6,0.9804637103438149,0.9648775475767556,0.9495591181229992,0.9806983192722395,0.9648775475767554,0.5,0.9991111111111111,0.6664690186777349,,,,1,962,0.10395010395010396,961,99.8960498960499
100,"DBSCAN (euclidean, eps=1.5, min_samples=4)",6,0.9804637103438149,0.9648775475767556,0.9495591181229992,0.9806983192722395,0.9648775475767554,0.5,0.9991111111111111,0.6664690186777349,,,,1,962,0.10395010395010396,961,99.8960498960499
100,"DBSCAN (euclidean, eps=1.5, min_samples=5)",5,0.9804451673499048,0.9637656884879533,0.9474472267039651,0.9806561274356336,0.9637656884879534,0.4333333333333333,0.9991111111111111,0.6044885717240666,,,,5,962,0.5197505197505198,957,99.48024948024948
100,"DBSCAN (euclidean, eps=1.75, min_samples=2)",5,0.9873661609727604,0.9741175304367469,0.9495410627802772,0.9999999999999998,0.9741175304367466,0.5,1.0,0.6666666666666666,,,,1,962,0.10395010395010396,961,99.8960498960499
100,"DBSCAN (euclidean, eps=1.75, min_samples=3)",5,0.9873661609727604,0.9741175304367469,0.9495410627802772,0.9999999999999998,0.9741175304367466,0.5,1.0,0.6666666666666666,,,,1,962,0.10395010395010396,961,99.8960498960499
100,"DBSCAN (euclidean, eps=1.75, min_samples=4)",5,0.9873661609727604,0.9741175304367469,0.9495410627802772,0.9999999999999998,0.9741175304367466,0.5,1.0,0.6666666666666666,,,,1,962,0.10395010395010396,961,99.8960498960499
100,"DBSCAN (euclidean, eps=1.75, min_samples=5)",5,0.9873661609727604,0.9741175304367469,0.9495410627802772,0.9999999999999998,0.9741175304367466,0.5,1.0,0.6666666666666666,,,,1,962,0.10395010395010396,961,99.8960498960499
100,"DBSCAN (euclidean, eps=2.0, min_samples=2)",5,0.9873661609727604,0.9741175304367469,0.9495410627802772,0.9999999999999998,0.9741175304367466,0.5,1.0,0.6666666666666666,,,,1,962,0.10395010395010396,961,99.8960498960499
100,"DBSCAN (euclidean, eps=2.0, min_samples=3)",5,0.9873661609727604,0.9741175304367469,0.9495410627802772,0.9999999999999998,0.9741175304367466,0.5,1.0,0.6666666666666666,,,,1,962,0.10395010395010396,961,99.8960498960499
100,"DBSCAN (euclidean, eps=2.0, min_samples=4)",5,0.9873661609727604,0.9741175304367469,0.9495410627802772,0.9999999999999998,0.9741175304367466,0.5,1.0,0.6666666666666666,,,,1,962,0.10395010395010396,961,99.8960498960499
100,"DBSCAN (euclidean, eps=2.0, min_samples=5)",5,0.9873661609727604,0.9741175304367469,0.9495410627802772,0.9999999999999998,0.9741175304367466,0.5,1.0,0.6666666666666666,,,,1,962,0.10395010395010396,961,99.8960498960499
100,"DBSCAN (euclidean, eps=2.5, min_samples=2)",5,0.9873661609727604,0.9741175304367469,0.9495410627802772,0.9999999999999998,0.9741175304367466,0.5,1.0,0.6666666666666666,,,,1,962,0.10395010395010396,961,99.8960498960499
100,"DBSCAN (euclidean, eps=2.5, min_samples=3)",5,0.9873661609727604,0.9741175304367469,0.9495410627802772,0.9999999999999998,0.9741175304367466,0.5,1.0,0.6666666666666666,,,,1,962,0.10395010395010396,961,99.8960498960499
100,"DBSCAN (euclidean, eps=2.5, min_samples=4)",5,0.9873661609727604,0.9741175304367469,0.9495410627802772,0.9999999999999998,0.9741175304367466,0.5,1.0,0.6666666666666666,,,,1,962,0.10395010395010396,961,99.8960498960499
100,"DBSCAN (euclidean, eps=2.5, min_samples=5)",5,0.9873661609727604,0.9741175304367469,0.9495410627802772,0.9999999999999998,0.9741175304367466,0.5,1.0,0.6666666666666666,,,,1,962,0.10395010395010396,961,99.8960498960499
100,"DBSCAN (euclidean, eps=3.0, min_samples=2)",5,0.9873661609727604,0.9741175304367469,0.9495410627802772,0.9999999999999998,0.9741175304367466,0.5,1.0,0.6666666666666666,,,,1,962,0.10395010395010396,961,99.8960498960499
100,"DBSCAN (euclidean, eps=3.0, min_samples=3)",5,0.9873661609727604,0.9741175304367469,0.9495410627802772,0.9999999999999998,0.9741175304367466,0.5,1.0,0.6666666666666666,,,,1,962,0.10395010395010396,961,99.8960498960499
100,"DBSCAN (euclidean, eps=3.0, min_samples=4)",5,0.9873661609727604,0.9741175304367469,0.9495410627802772,0.9999999999999998,0.9741175304367466,0.5,1.0,0.6666666666666666,,,,1,962,0.10395010395010396,961,99.8960498960499
100,"DBSCAN (euclidean, eps=3.0, min_samples=5)",5,0.9873661609727604,0.9741175304367469,0.9495410627802772,0.9999999999999998,0.9741175304367466,0.5,1.0,0.6666666666666666,,,,1,962,0.10395010395010396,961,99.8960498960499
100,"DBSCAN (cosine, eps=0.1, min_samples=2)",2,-0.0016668257296314367,0.02106908623865386,0.011269710960047443,0.16148864174283886,0.02106908623865386,0.08333333333333333,0.9968888888888889,0.15380922992525545,,,,8,962,0.8316008316008316,954,99.16839916839916
100,"DBSCAN (cosine, eps=0.1, min_samples=3)",2,-0.0016668257296314367,0.02106908623865386,0.011269710960047443,0.16148864174283886,0.02106908623865386,0.08333333333333333,0.9968888888888889,0.15380922992525545,,,,8,962,0.8316008316008316,954,99.16839916839916
100,"DBSCAN (cosine, eps=0.1, min_samples=4)",2,-0.0016668257296314367,0.02106908623865386,0.011269710960047443,0.16148864174283886,0.02106908623865386,0.08333333333333333,0.9968888888888889,0.15380922992525545,,,,8,962,0.8316008316008316,954,99.16839916839916
100,"DBSCAN (cosine, eps=0.1, min_samples=5)",2,-0.0016668257296314367,0.02106908623865386,0.011269710960047443,0.16148864174283886,0.02106908623865386,0.08333333333333333,0.9968888888888889,0.15380922992525545,,,,8,962,0.8316008316008316,954,99.16839916839916
150,K-means++,13,0.525112799465333,0.7546740447196577,0.9797370715334881,0.6136969440409374,0.7546740447196578,0.6464328537170264,0.8244029120863984,0.7246507590621938,0.6179659145642791,1996839.7784265855,0.37272222550135825,0,962,0.0,962,100.0
150,Hierarchical (ward),13,0.5370001035034302,0.7556788543662064,0.9797676604382105,0.615014932246263,0.7556788543662065,0.6477272727272727,0.8239489076232195,0.7252875135538304,0.5630800035084652,1680382.9034331876,0.3927951393869971,0,962,0.0,962,100.0
150,Hierarchical (complete),13,0.7085980741480088,0.8164148571743254,0.9783249102143305,0.7004863186821598,0.8164148571743254,0.6458333333333334,0.8713690663140204,0.7418379891726264,0.48109126519496365,1131760.1789693336,0.3999112715861001,0,962,0.0,962,100.0
150,Hierarchical (average),13,0.9801817071978063,0.9474703502268856,0.9801452524157569,0.9169037181552675,0.9474703502268857,0.6666666666666666,0.9010971316143729,0.7663545002568819,0.8144637709200447,764758.2490594215,0.22606707872119947,0,962,0.0,962,100.0
150,Hierarchical (single),13,0.9851279055995995,0.970501855077853,0.9801498088517979,0.9610419862148645,0.9705018550778529,0.6666666666666666,0.9686366366366367,0.7897712387094563,0.7380017801340716,643858.0664231955,0.2235567203397807,0,962,0.0,962,100.0
150,"DBSCAN (euclidean, eps=0.1, min_samples=2)",81,0.07061886889277924,0.3403862366323404,0.5571194318486707,0.24505413579966817,0.3403862366323405,0.24342614075792732,0.7320428844354817,0.3653593699545688,,,,431,962,44.8024948024948,531,55.197505197505194
150,"DBSCAN (euclidean, eps=0.1, min_samples=3)",40,0.047775398904152395,0.32037197671542433,0.4527099447013458,0.2479037643199459,0.3203719767154243,0.24285250162443148,0.8268059541893772,0.3754317899167179,,,,513,962,53.32640332640332,449,46.67359667359668
150,"DBSCAN (euclidean, eps=0.1, min_samples=4)",33,0.05661711136975433,0.3220969725273097,0.4356232956652474,0.2555095003105763,0.3220969725273097,0.24317194289261332,0.8316729266664414,0.3763138796236361,,,,537,962,55.82120582120582,425,44.17879417879418
150,"DBSCAN (euclidean, eps=0.1, min_samples=5)",26,0.06668070411240712,0.3221257508890272,0.40912011746285815,0.26564055128812586,0.3221257508890273,0.24360093077370568,0.8390511121914158,0.3775795431683798,,,,573,962,59.563409563409564,389,40.436590436590436
150,"DBSCAN (euclidean, eps=0.25, min_samples=2)",47,0.2948768342867533,0.5223483240811599,0.8263708982394439,0.3818612406255469,0.5223483240811599,0.5052910052910052,0.7029397728048471,0.5879491747749763,,,,126,962,13.097713097713099,836,86.9022869022869
150,"DBSCAN (euclidean, eps=0.25, min_samples=3)",27,0.28387218857695307,0.5109463542436148,0.7627265721294934,0.3841397269587414,0.5109463542436148,0.3463855421686748,0.7469873918524662,0.47329803888300365,,,,166,962,17.255717255717258,796,82.74428274428274
150,"DBSCAN (euclidean, eps=0.25, min_samples=4)",19,0.2689353206469083,0.5006815498241386,0.7199460635634326,0.3837943477275624,0.5006815498241387,0.34821428571428564,0.7934305256809212,0.4840101597382902,,,,196,962,20.374220374220375,766,79.62577962577963
150,"DBSCAN (euclidean, eps=0.25, min_samples=5)",16,0.26114207203826983,0.4986650159375531,0.7043782395658053,0.38594888564980595,0.498665015937553,0.3470266040688576,0.7924126867410638,0.4826729882297937,,,,213,962,22.14137214137214,749,77.85862785862786
150,"DBSCAN (euclidean, eps=0.5, min_samples=2)",18,0.8495288351173826,0.8058436566935882,0.9482466934567638,0.7006269398230236,0.8058436566935882,0.5175,0.8097940917371477,0.6314628311582429,,,,28,962,2.9106029106029108,934,97.0893970893971
150,"DBSCAN (euclidean, eps=0.5, min_samples=3)",16,0.8491829627656573,0.8045966837489053,0.941743788443479,0.70231747616188,0.8045966837489053,0.5148958333333333,0.8097940917371477,0.629520306302962,,,,32,962,3.3264033264033266,930,96.67359667359668
150,"DBSCAN (euclidean, eps=0.5, min_samples=4)",14,0.8483641072387987,0.8002488299678375,0.9296525277070328,0.7024682256702044,0.8002488299678377,0.5120175438596491,0.8097940917371477,0.6273644000661338,,,,38,962,3.9501039501039505,924,96.04989604989605
150,"DBSCAN (euclidean, eps=0.5, min_samples=5)",11,0.846507397751865,0.7937562536999409,0.9084054565996152,0.7048035071987231,0.7937562536999409,0.4313071895424836,0.8097940917371477,0.5628388578491261,,,,51,962,5.301455301455301,911,94.6985446985447
150,"DBSCAN (euclidean, eps=0.75, min_samples=2)",13,0.8696985391370353,0.8494722934375887,0.9612481460664618,0.7609836016664457,0.8494722934375887,0.5231481481481481,0.8383196644920782,0.6442537619522853,,,,18,962,1.8711018711018712,944,98.12889812889813
150,"DBSCAN (euclidean, eps=0.75, min_samples=3)",12,0.869608090774981,0.8495313015410166,0.9589838460901189,0.7625037878374211,0.8495313015410166,0.5208333333333334,0.8383196644920782,0.6424954746888281,,,,20,962,2.079002079002079,942,97.92099792099792
150,"DBSCAN (euclidean, eps=0.75, min_samples=4)",12,0.869608090774981,0.8495313015410166,0.9589838460901189,0.7625037878374211,0.8495313015410166,0.5208333333333334,0.8383196644920782,0.6424954746888281,,,,20,962,2.079002079002079,942,97.92099792099792
150,"DBSCAN (euclidean, eps=0.75, min_samples=5)",10,0.8690587471274374,0.8452970415603545,0.9462497373070274,0.7638084846598863,0.8452970415603545,0.443452380952381,0.8383196644920782,0.5800639084608932,,,,28,962,2.9106029106029108,934,97.0893970893971
150,"DBSCAN (euclidean, eps=1.0, min_samples=2)",11,0.9810988879702226,0.9478930438628709,0.971843344658955,0.925094822939642,0.947893043862871,0.6018518518518517,0.9106950398674537,0.7247424846359588,,,,9,962,0.9355509355509356,953,99.06444906444906
150,"DBSCAN (euclidean, eps=1.0, min_samples=3)",8,0.9808755843825412,0.945270369346015,0.9624973420537472,0.928649217243532,0.945270369346015,0.5275513285024154,0.9106950398674537,0.6680891239616641,,,,15,962,1.5592515592515594,947,98.44074844074844
150,"DBSCAN (euclidean, eps=1.0, min_samples=4)",8,0.9808755843825412,0.945270369346015,0.9624973420537472,0.928649217243532,0.945270369346015,0.5275513285024154,0.9106950398674537,0.6680891239616641,,,,15,962,1.5592515592515594,947,98.44074844074844
150,"DBSCAN (euclidean, eps=1.0, min_samples=5)",6,0.9803917141992843,0.9409097162644084,0.9499542857552101,0.9320357501832487,0.9409097162644082,0.44904891304347827,0.9106950398674537,0.6015053303103084,,,,23,962,2.390852390852391,939,97.60914760914761
150,"DBSCAN (euclidean, eps=1.25, min_samples=2)",8,0.9779305627073717,0.9548918839518971,0.9555538325406392,0.9542308518423486,0.954891883951897,0.5416666666666666,0.9604064409236823,0.6926695549923982,,,,4,962,0.4158004158004158,958,99.58419958419958
150,"DBSCAN (euclidean, eps=1.25, min_samples=3)",7,0.9778934667827095,0.9532058285306413,0.9523302299035199,0.9540830387384532,0.9532058285306413,0.47222222222222227,0.9604064409236823,0.6331372189268111,,,,6,962,0.6237006237006237,956,99.37629937629939
150,"DBSCAN (euclidean, eps=1.25, min_samples=4)",7,0.9778934667827095,0.9532058285306413,0.9523302299035199,0.9540830387384532,0.9532058285306413,0.47222222222222227,0.9604064409236823,0.6331372189268111,,,,6,962,0.6237006237006237,956,99.37629937629939
150,"DBSCAN (euclidean, eps=1.25, min_samples=5)",6,0.977819500846322,0.9523411880241811,0.9487613831901646,0.9559481093465912,0.9523411880241811,0.44999999999999996,0.9604064409236823,0.6128487305157487,,,,10,962,1.0395010395010396,952,98.96049896049897
150,"DBSCAN (euclidean, eps=1.5, min_samples=2)",6,0.9801170398139553,0.9620749262155505,0.9483889786401392,0.9761616538351294,0.9620749262155505,0.4583333333333333,0.9979849849849849,0.6281728095173288,,,,2,962,0.2079002079002079,960,99.7920997920998
150,"DBSCAN (euclidean, eps=1.5, min_samples=3)",6,0.9801170398139553,0.9620749262155505,0.9483889786401392,0.9761616538351294,0.9620749262155505,0.4583333333333333,0.9979849849849849,0.6281728095173288,,,,2,962,0.2079002079002079,960,99.7920997920998
150,"DBSCAN (euclidean, eps=1.5, min_samples=4)",6,0.9801170398139553,0.9620749262155505,0.9483889786401392,0.9761616538351294,0.9620749262155505,0.4583333333333333,0.9979849849849849,0.6281728095173288,,,,2,962,0.2079002079002079,960,99.7920997920998
150,"DBSCAN (euclidean, eps=1.5, min_samples=5)",5,0.9800799541429033,0.9603750762642679,0.9451653760030201,0.9760822948225087,0.9603750762642679,0.4305555555555555,0.9979849849849849,0.6015761785573475,,,,6,962,0.6237006237006237,956,99.37629937629939
150,"DBSCAN (euclidean, eps=1.75, min_samples=2)",6,0.9804637103438149,0.9648775475767556,0.9495591181229992,0.9806983192722395,0.9648775475767554,0.5,0.9991111111111111,0.6664690186777349,,,,1,962,0.10395010395010396,961,99.8960498960499
150,"DBSCAN (euclidean, eps=1.75, min_samples=3)",6,0.9804637103438149,0.9648775475767556,0.9495591181229992,0.9806983192722395,0.9648775475767554,0.5,0.9991111111111111,0.6664690186777349,,,,1,962,0.10395010395010396,961,99.8960498960499
150,"DBSCAN (euclidean, eps=1.75, min_samples=4)",6,0.9804637103438149,0.9648775475767556,0.9495591181229992,0.9806983192722395,0.9648775475767554,0.5,0.9991111111111111,0.6664690186777349,,,,1,962,0.10395010395010396,961,99.8960498960499
150,"DBSCAN (euclidean, eps=1.75, min_samples=5)",5,0.9804451673499048,0.9637656884879533,0.9474472267039651,0.9806561274356336,0.9637656884879534,0.4333333333333333,0.9991111111111111,0.6044885717240666,,,,5,962,0.5197505197505198,957,99.48024948024948
150,"DBSCAN (euclidean, eps=2.0, min_samples=2)",5,0.9873661609727604,0.9741175304367469,0.9495410627802772,0.9999999999999998,0.9741175304367466,0.5,1.0,0.6666666666666666,,,,1,962,0.10395010395010396,961,99.8960498960499
150,"DBSCAN (euclidean, eps=2.0, min_samples=3)",5,0.9873661609727604,0.9741175304367469,0.9495410627802772,0.9999999999999998,0.9741175304367466,0.5,1.0,0.6666666666666666,,,,1,962,0.10395010395010396,961,99.8960498960499
150,"DBSCAN (euclidean, eps=2.0, min_samples=4)",5,0.9873661609727604,0.9741175304367469,0.9495410627802772,0.9999999999999998,0.9741175304367466,0.5,1.0,0.6666666666666666,,,,1,962,0.10395010395010396,961,99.8960498960499
150,"DBSCAN (euclidean, eps=2.0, min_samples=5)",5,0.9873661609727604,0.9741175304367469,0.9495410627802772,0.9999999999999998,0.9741175304367466,0.5,1.0,0.6666666666666666,,,,1,962,0.10395010395010396,961,99.8960498960499
150,"DBSCAN (euclidean, eps=2.5, min_samples=2)",5,0.9873661609727604,0.9741175304367469,0.9495410627802772,0.9999999999999998,0.9741175304367466,0.5,1.0,0.6666666666666666,,,,1,962,0.10395010395010396,961,99.8960498960499
150,"DBSCAN (euclidean, eps=2.5, min_samples=3)",5,0.9873661609727604,0.9741175304367469,0.9495410627802772,0.9999999999999998,0.9741175304367466,0.5,1.0,0.6666666666666666,,,,1,962,0.10395010395010396,961,99.8960498960499
150,"DBSCAN (euclidean, eps=2.5, min_samples=4)",5,0.9873661609727604,0.9741175304367469,0.9495410627802772,0.9999999999999998,0.9741175304367466,0.5,1.0,0.6666666666666666,,,,1,962,0.10395010395010396,961,99.8960498960499
150,"DBSCAN (euclidean, eps=2.5, min_samples=5)",5,0.9873661609727604,0.9741175304367469,0.9495410627802772,0.9999999999999998,0.9741175304367466,0.5,1.0,0.6666666666666666,,,,1,962,0.10395010395010396,961,99.8960498960499
150,"DBSCAN (euclidean, eps=3.0, min_samples=2)",5,0.9873661609727604,0.9741175304367469,0.9495410627802772,0.9999999999999998,0.9741175304367466,0.5,1.0,0.6666666666666666,,,,1,962,0.10395010395010396,961,99.8960498960499
150,"DBSCAN (euclidean, eps=3.0, min_samples=3)",5,0.9873661609727604,0.9741175304367469,0.9495410627802772,0.9999999999999998,0.9741175304367466,0.5,1.0,0.6666666666666666,,,,1,962,0.10395010395010396,961,99.8960498960499
150,"DBSCAN (euclidean, eps=3.0, min_samples=4)",5,0.9873661609727604,0.9741175304367469,0.9495410627802772,0.9999999999999998,0.9741175304367466,0.5,1.0,0.6666666666666666,,,,1,962,0.10395010395010396,961,99.8960498960499
150,"DBSCAN (euclidean, eps=3.0, min_samples=5)",5,0.9873661609727604,0.9741175304367469,0.9495410627802772,0.9999999999999998,0.9741175304367466,0.5,1.0,0.6666666666666666,,,,1,962,0.10395010395010396,961,99.8960498960499
150,"DBSCAN (cosine, eps=0.1, min_samples=2)",2,-0.0016668257296314367,0.02106908623865386,0.011269710960047443,0.16148864174283886,0.02106908623865386,0.08333333333333333,0.9968888888888889,0.15380922992525545,,,,8,962,0.8316008316008316,954,99.16839916839916
150,"DBSCAN (cosine, eps=0.1, min_samples=3)",2,-0.0016668257296314367,0.02106908623865386,0.011269710960047443,0.16148864174283886,0.02106908623865386,0.08333333333333333,0.9968888888888889,0.15380922992525545,,,,8,962,0.8316008316008316,954,99.16839916839916
150,"DBSCAN (cosine, eps=0.1, min_samples=4)",2,-0.0016668257296314367,0.02106908623865386,0.011269710960047443,0.16148864174283886,0.02106908623865386,0.08333333333333333,0.9968888888888889,0.15380922992525545,,,,8,962,0.8316008316008316,954,99.16839916839916
150,"DBSCAN (cosine, eps=0.1, min_samples=5)",2,-0.0016668257296314367,0.02106908623865386,0.011269710960047443,0.16148864174283886,0.02106908623865386,0.08333333333333333,0.9968888888888889,0.15380922992525545,,,,8,962,0.8316008316008316,954,99.16839916839916
200,K-means++,13,0.5254321051734954,0.7547569737409523,0.9797431880885733,0.6138042303854275,0.7547569737409523,0.6464371980676328,0.8246251343086205,0.7247393255152254,0.6191610449218554,2006860.1576398434,0.37222648247076745,0,962,0.0,962,100.0
200,Hierarchical (ward),13,0.5382279522431762,0.7559182402876023,0.9797676604382105,0.6153321165954492,0.7559182402876023,0.6477272727272727,0.8243311706201614,0.725435574087267,0.5617177945905257,1678917.8109657015,0.3931539020423936,0,962,0.0,962,100.0
200,Hierarchical (complete),13,0.7591289550978126,0.8328050347135759,0.9784140745645611,0.7249211843438589,0.8328050347135759,0.6458333333333334,0.8803338981183018,0.745067728033037,0.537849554595585,1185898.634170693,0.39459748486313706,0,962,0.0,962,100.0
200,Hierarchical (average),13,0.9784765065903129,0.9458485987501452,0.9801498088517979,0.9138670137313308,0.945848598750145,0.6666666666666666,0.9008749093921508,0.7662741226144872,0.808886490005055,770592.3129457845,0.24898155448809048,0,962,0.0,962,100.0
200,Hierarchical (single),13,0.9851279055995995,0.970501855077853,0.9801498088517979,0.9610419862148645,0.9705018550778529,0.6666666666666666,0.9686366366366367,0.7897712387094563,0.7386092834656935,646152.9001361981,0.2258368283334937,0,962,0.0,962,100.0
200,"DBSCAN (euclidean, eps=0.1, min_samples=2)",77,0.07892845254013989,0.3400072605344377,0.5422655892033924,0.24764044920683154,0.3400072605344377,0.24391592920353986,0.7419089989116879,0.3671309533630713,,,,452,962,46.98544698544699,510,53.01455301455301
200,"DBSCAN (euclidean, eps=0.1, min_samples=3)",43,0.06393588024791835,0.32289017745061993,0.45480574568908033,0.2502931194847384,0.32289017745061993,0.24310897435897438,0.829243497237012,0.3759893159142014,,,,520,962,54.054054054054056,442,45.94594594594595
200,"DBSCAN (euclidean, eps=0.1, min_samples=4)",28,0.07323840367580087,0.32477147585444754,0.41863830886001635,0.26528861919854896,0.3247714758544475,0.2436690223792697,0.8387817235367061,0.37763403708653037,,,,566,962,58.83575883575883,396,41.16424116424117
200,"DBSCAN (euclidean, eps=0.1, min_samples=5)",27,0.0748259560664039,0.32415874401209693,0.41254940876167834,0.26696107031276045,0.3241587440120969,0.24375725900116144,0.8404351384194788,0.3779074013003106,,,,574,962,59.66735966735966,388,40.33264033264034
200,"DBSCAN (euclidean, eps=0.25, min_samples=2)",36,0.3315278070029291,0.5400408699496262,0.8147837621746427,0.40386027268702035,0.5400408699496262,0.5043532338308458,0.6914443599608103,0.583262921368771,,,,134,962,13.92931392931393,828,86.07068607068608
200,"DBSCAN (euclidean, eps=0.25, min_samples=3)",24,0.3258349735798042,0.5373620520437443,0.7819528049877876,0.4093267749262938,0.5373620520437443,0.5036919831223629,0.6914443599608103,0.5828205006116126,,,,158,962,16.424116424116423,804,83.57588357588358
200,"DBSCAN (euclidean, eps=0.25, min_samples=4)",21,0.3203792960389971,0.5318401081397617,0.7638769725678412,0.40792726901094206,0.5318401081397617,0.42209072978303747,0.7118643395734505,0.5299528115652647,,,,169,962,17.56756756756757,793,82.43243243243244
200,"DBSCAN (euclidean, eps=0.25, min_samples=5)",18,0.31343822316817105,0.5257381690002216,0.7414863349187202,0.40724364585470024,0.5257381690002216,0.4216757741347905,0.7118643395734505,0.5296256265454893,,,,183,962,19.022869022869024,779,80.97713097713097
200,"DBSCAN (euclidean, eps=0.5, min_samples=2)",18,0.8530979682181924,0.809579644752939,0.9504435015884766,0.7050806598472271,0.809579644752939,0.5181327160493828,0.8078264930768885,0.631333652006359,,,,27,962,2.806652806652807,935,97.1933471933472
200,"DBSCAN (euclidean, eps=0.5, min_samples=3)",15,0.8528115173165887,0.8113117378598242,0.9448624800309099,0.7108388555800133,0.8113117378598242,0.5142045454545455,0.8078264930768885,0.628408929249,,,,33,962,3.4303534303534304,929,96.56964656964658
200,"DBSCAN (euclidean, eps=0.5, min_samples=4)",13,0.851877339379626,0.8038816812853962,0.9291177892733548,0.7083966517251099,0.803881681285396,0.5114850427350427,0.8078264930768885,0.6263739186963839,,,,39,962,4.054054054054054,923,95.94594594594594
200,"DBSCAN (euclidean, eps=0.5, min_samples=5)",11,0.8507783572517519,0.798393037081796,0.9136805027763354,0.7089396112282078,0.7983930370817961,0.43269799054373514,0.8078264930768885,0.5635437347309298,,,,47,962,4.885654885654886,915,95.11434511434511
200,"DBSCAN (euclidean, eps=0.75, min_samples=2)",13,0.9720435237435736,0.9198369241517317,0.9687303897300605,0.8756417976773634,0.9198369241517317,0.6039389799635702,0.8543196644920782,0.7076343400367995,,,,12,962,1.2474012474012475,950,98.75259875259876
200,"DBSCAN (euclidean, eps=0.75, min_samples=3)",10,0.9717835006746832,0.9177671719268359,0.9595596719191779,0.8794631809817669,0.9177671719268359,0.5229204614450516,0.8543196644920782,0.6487485003732351,,,,18,962,1.8711018711018712,944,98.12889812889813
200,"DBSCAN (euclidean, eps=0.75, min_samples=4)",10,0.9717835006746832,0.9177671719268359,0.9595596719191779,0.8794631809817669,0.9177671719268359,0.5229204614450516,0.8543196644920782,0.6487485003732351,,,,18,962,1.8711018711018712,944,98.12889812889813
200,"DBSCAN (euclidean, eps=0.75, min_samples=5)",8,0.971263329124837,0.9137321939458088,0.9470138595642176,0.8827103963730676,0.9137321939458087,0.4452851338097239,0.8543196644920782,0.5854331203096882,,,,26,962,2.7027027027027026,936,97.2972972972973
200,"DBSCAN (euclidean, eps=1.0, min_samples=2)",10,0.984702378505663,0.9574604655719174,0.9731732200001368,0.9422470420233057,0.9574604655719173,0.611111111111111,0.9559019364191778,0.7455742572138284,,,,6,962,0.6237006237006237,956,99.37629937629939
200,"DBSCAN (euclidean, eps=1.0, min_samples=3)",8,0.9846280945769437,0.9561361429945552,0.9679925719682223,0.9445666457988918,0.9561361429945554,0.5333333333333333,0.9559019364191778,0.6846659845424582,,,,10,962,1.0395010395010396,952,98.96049896049897
200,"DBSCAN (euclidean, eps=1.0, min_samples=4)",8,0.9846280945769437,0.9561361429945552,0.9679925719682223,0.9445666457988918,0.9561361429945554,0.5333333333333333,0.9559019364191778,0.6846659845424582,,,,10,962,1.0395010395010396,952,98.96049896049897
200,"DBSCAN (euclidean, eps=1.0, min_samples=5)",6,0.9807036509771049,0.9460887862718337,0.9530427530877811,0.9392355649136043,0.9460887862718336,0.45,0.9554574919747334,0.6118376028356746,,,,20,962,2.079002079002079,942,97.92099792099792
200,"DBSCAN (euclidean, eps=1.25, min_samples=2)",7,0.978906383495914,0.9629926491752969,0.9555538325406387,0.9705481942490067,0.9629926491752969,0.5416666666666666,0.9977627627627627,0.7021495360526435,,,,4,962,0.4158004158004158,958,99.58419958419958
200,"DBSCAN (euclidean, eps=1.25, min_samples=3)",6,0.9788692874570604,0.9613054468150407,0.9523302299035197,0.9704514467668794,0.9613054468150407,0.47222222222222227,0.9977627627627627,0.641048383344172,,,,6,962,0.6237006237006237,956,99.37629937629939
200,"DBSCAN (euclidean, eps=1.25, min_samples=4)",6,0.9788692874570604,0.9613054468150407,0.9523302299035197,0.9704514467668794,0.9613054468150407,0.47222222222222227,0.9977627627627627,0.641048383344172,,,,6,962,0.6237006237006237,956,99.37629937629939
200,"DBSCAN (euclidean, eps=1.25, min_samples=5)",5,0.9784205497228156,0.9579869353587337,0.9471030223995527,0.9691239077996292,0.9579869353587338,0.44696969696969696,0.9966366366366367,0.6171576905644868,,,,11,962,1.1434511434511436,951,98.85654885654886
200,"DBSCAN (euclidean, eps=1.5, min_samples=2)",6,0.9804637103438149,0.9648775475767556,0.9495591181229992,0.9806983192722395,0.9648775475767554,0.5,0.9991111111111111,0.6664690186777349,,,,1,962,0.10395010395010396,961,99.8960498960499
200,"DBSCAN (euclidean, eps=1.5, min_samples=3)",6,0.9804637103438149,0.9648775475767556,0.9495591181229992,0.9806983192722395,0.9648775475767554,0.5,0.9991111111111111,0.6664690186777349,,,,1,962,0.10395010395010396,961,99.8960498960499
200,"DBSCAN (euclidean, eps=1.5, min_samples=4)",6,0.9804637103438149,0.9648775475767556,0.9495591181229992,0.9806983192722395,0.9648775475767554,0.5,0.9991111111111111,0.6664690186777349,,,,1,962,0.10395010395010396,961,99.8960498960499
200,"DBSCAN (euclidean, eps=1.5, min_samples=5)",5,0.9806074248810209,0.9646537233413623,0.949133616435255,0.9806898333170879,0.9646537233413625,0.4444444444444445,0.9991111111111111,0.615216201423098,,,,6,962,0.6237006237006237,956,99.37629937629939
200,"DBSCAN (euclidean, eps=1.75, min_samples=2)",6,0.9804637103438149,0.9648775475767556,0.9495591181229992,0.9806983192722395,0.9648775475767554,0.5,0.9991111111111111,0.6664690186777349,,,,1,962,0.10395010395010396,961,99.8960498960499
200,"DBSCAN (euclidean, eps=1.75, min_samples=3)",6,0.9804637103438149,0.9648775475767556,0.9495591181229992,0.9806983192722395,0.9648775475767554,0.5,0.9991111111111111,0.6664690186777349,,,,1,962,0.10395010395010396,961,99.8960498960499
200,"DBSCAN (euclidean, eps=1.75, min_samples=4)",6,0.9804637103438149,0.9648775475767556,0.9495591181229992,0.9806983192722395,0.9648775475767554,0.5,0.9991111111111111,0.6664690186777349,,,,1,962,0.10395010395010396,961,99.8960498960499
200,"DBSCAN (euclidean, eps=1.75, min_samples=5)",5,0.9804451673499048,0.9637656884879533,0.9474472267039651,0.9806561274356336,0.9637656884879534,0.4333333333333333,0.9991111111111111,0.6044885717240666,,,,5,962,0.5197505197505198,957,99.48024948024948
200,"DBSCAN (euclidean, eps=2.0, min_samples=2)",6,0.9804637103438149,0.9648775475767556,0.9495591181229992,0.9806983192722395,0.9648775475767554,0.5,0.9991111111111111,0.6664690186777349,,,,1,962,0.10395010395010396,961,99.8960498960499
200,"DBSCAN (euclidean, eps=2.0, min_samples=3)",6,0.9804637103438149,0.9648775475767556,0.9495591181229992,0.9806983192722395,0.9648775475767554,0.5,0.9991111111111111,0.6664690186777349,,,,1,962,0.10395010395010396,961,99.8960498960499
200,"DBSCAN (euclidean, eps=2.0, min_samples=4)",6,0.9804637103438149,0.9648775475767556,0.9495591181229992,0.9806983192722395,0.9648775475767554,0.5,0.9991111111111111,0.6664690186777349,,,,1,962,0.10395010395010396,961,99.8960498960499
200,"DBSCAN (euclidean, eps=2.0, min_samples=5)",5,0.9804451673499048,0.9637656884879533,0.9474472267039651,0.9806561274356336,0.9637656884879534,0.4333333333333333,0.9991111111111111,0.6044885717240666,,,,5,962,0.5197505197505198,957,99.48024948024948
200,"DBSCAN (euclidean, eps=2.5, min_samples=2)",6,0.9804637103438149,0.9648775475767556,0.9495591181229992,0.9806983192722395,0.9648775475767554,0.5,0.9991111111111111,0.6664690186777349,,,,1,962,0.10395010395010396,961,99.8960498960499
200,"DBSCAN (euclidean, eps=2.5, min_samples=3)",6,0.9804637103438149,0.9648775475767556,0.9495591181229992,0.9806983192722395,0.9648775475767554,0.5,0.9991111111111111,0.6664690186777349,,,,1,962,0.10395010395010396,961,99.8960498960499
200,"DBSCAN (euclidean, eps=2.5, min_samples=4)",6,0.9804637103438149,0.9648775475767556,0.9495591181229992,0.9806983192722395,0.9648775475767554,0.5,0.9991111111111111,0.6664690186777349,,,,1,962,0.10395010395010396,961,99.8960498960499
200,"DBSCAN (euclidean, eps=2.5, min_samples=5)",5,0.9804451673499048,0.9637656884879533,0.9474472267039651,0.9806561274356336,0.9637656884879534,0.4333333333333333,0.9991111111111111,0.6044885717240666,,,,5,962,0.5197505197505198,957,99.48024948024948
200,"DBSCAN (euclidean, eps=3.0, min_samples=2)",5,0.9873661609727604,0.9741175304367469,0.9495410627802772,0.9999999999999998,0.9741175304367466,0.5,1.0,0.6666666666666666,,,,1,962,0.10395010395010396,961,99.8960498960499
200,"DBSCAN (euclidean, eps=3.0, min_samples=3)",5,0.9873661609727604,0.9741175304367469,0.9495410627802772,0.9999999999999998,0.9741175304367466,0.5,1.0,0.6666666666666666,,,,1,962,0.10395010395010396,961,99.8960498960499
200,"DBSCAN (euclidean, eps=3.0, min_samples=4)",5,0.9873661609727604,0.9741175304367469,0.9495410627802772,0.9999999999999998,0.9741175304367466,0.5,1.0,0.6666666666666666,,,,1,962,0.10395010395010396,961,99.8960498960499
200,"DBSCAN (euclidean, eps=3.0, min_samples=5)",5,0.9873661609727604,0.9741175304367469,0.9495410627802772,0.9999999999999998,0.9741175304367466,0.5,1.0,0.6666666666666666,,,,1,962,0.10395010395010396,961,99.8960498960499
200,"DBSCAN (cosine, eps=0.1, min_samples=2)",2,-0.0016668257296314367,0.02106908623865386,0.011269710960047443,0.16148864174283886,0.02106908623865386,0.08333333333333333,0.9968888888888889,0.15380922992525545,,,,8,962,0.8316008316008316,954,99.16839916839916
200,"DBSCAN (cosine, eps=0.1, min_samples=3)",2,-0.0016668257296314367,0.02106908623865386,0.011269710960047443,0.16148864174283886,0.02106908623865386,0.08333333333333333,0.9968888888888889,0.15380922992525545,,,,8,962,0.8316008316008316,954,99.16839916839916
200,"DBSCAN (cosine, eps=0.1, min_samples=4)",2,-0.0016668257296314367,0.02106908623865386,0.011269710960047443,0.16148864174283886,0.02106908623865386,0.08333333333333333,0.9968888888888889,0.15380922992525545,,,,8,962,0.8316008316008316,954,99.16839916839916
200,"DBSCAN (cosine, eps=0.1, min_samples=5)",2,-0.0016668257296314367,0.02106908623865386,0.011269710960047443,0.16148864174283886,0.02106908623865386,0.08333333333333333,0.9968888888888889,0.15380922992525545,,,,8,962,0.8316008316008316,954,99.16839916839916
250,K-means++,13,0.525112799465333,0.7546740447196578,0.9797370715334881,0.6136969440409374,0.7546740447196578,0.6477713178294574,0.8244029120863984,0.7254909778106515,0.6185991991658485,2034547.6989836998,0.37179749382705,0,962,0.0,962,100.0
250,Hierarchical (ward),13,0.539367104588766,0.756449358116357,0.9793748030840513,0.6161917061472476,0.7564493581163569,0.668560606060606,0.8524912113948812,0.7494051608378962,0.5596166707029188,1672290.1236376294,0.37563551610825685,0,962,0.0,962,100.0
250,Hierarchical (complete),13,0.7500769319813941,0.8378091804367138,0.9806425181776944,0.7312941351855111,0.8378091804367138,0.7058823529411763,0.8852605626596453,0.7854603163666909,0.47331066150696455,955484.2917895732,0.45105969464059875,0,962,0.0,962,100.0
250,Hierarchical (average),13,0.9801817071978063,0.9474703502268856,0.9801452524157569,0.9169037181552675,0.9474703502268857,0.6666666666666666,0.9010971316143729,0.7663545002568819,0.8152555732638471,779478.8100538736,0.22672599005935135,0,962,0.0,962,100.0
250,Hierarchical (single),13,0.9851279055995995,0.970501855077853,0.9801498088517979,0.9610419862148645,0.9705018550778529,0.6666666666666666,0.9686366366366367,0.7897712387094563,0.7396626144385765,656739.3774249308,0.22357807663457735,0,962,0.0,962,100.0
250,"DBSCAN (euclidean, eps=0.1, min_samples=2)",85,0.08730706354737129,0.31550963557364015,0.47030057464466657,0.23738022299195885,0.3155096355736402,0.24378109452736318,0.7530543415019846,0.36832641572451436,,,,536,962,55.71725571725572,426,44.28274428274428
250,"DBSCAN (euclidean, eps=0.1, min_samples=3)",42,0.06685703633386898,0.29256671102793974,0.36530366580749724,0.24398580179280202,0.29256671102793974,0.2435691318327974,0.8490885631417108,0.37854813108401497,,,,622,962,64.65696465696466,340,35.343035343035346
250,"DBSCAN (euclidean, eps=0.1, min_samples=4)",30,0.07061427490369022,0.28848644948949037,0.3313042493873053,0.2554695367171071,0.28848644948949037,0.2439393939393939,0.8634806557585741,0.38041021182808643,,,,660,962,68.60706860706861,302,31.392931392931395
250,"DBSCAN (euclidean, eps=0.1, min_samples=5)",22,0.06741326307002889,0.28420820595135543,0.3023714201167899,0.2681034423465487,0.2842082059513553,0.2442279942279942,0.8706585354731512,0.3814544029572056,,,,693,962,72.03742203742203,269,27.96257796257796
250,"DBSCAN (euclidean, eps=0.25, min_samples=2)",71,0.07873951699108554,0.39507466690749543,0.6967938542499383,0.2756955476835555,0.3950746669074955,0.24088050314465412,0.683510530325146,0.35622232256273706,,,,265,962,27.546777546777545,697,72.45322245322245
250,"DBSCAN (euclidean, eps=0.25, min_samples=3)",41,0.07449871419673047,0.3879175440932325,0.6253106096245522,0.2811729716315064,0.3879175440932324,0.24102564102564097,0.7740870557365338,0.36759431620479616,,,,325,962,33.78378378378378,637,66.21621621621621
250,"DBSCAN (euclidean, eps=0.25, min_samples=4)",28,0.0660420423290996,0.3772439187137706,0.5672446025618176,0.28258951304165925,0.3772439187137706,0.2408888888888889,0.7981986765316407,0.3700885251657727,,,,375,962,38.981288981288984,587,61.018711018711016
250,"DBSCAN (euclidean, eps=0.25, min_samples=5)",26,0.07465386410411459,0.37808144081803324,0.5584282958049593,0.28578570143458176,0.3780814408180333,0.24128401360544216,0.8014479120056469,0.370903708143579,,,,392,962,40.74844074844075,570,59.25155925155925
250,"DBSCAN (euclidean, eps=0.5, min_samples=2)",27,0.7661943380294295,0.7241138123930448,0.9005856549199172,0.6054704725759228,0.724113812393045,0.5094086021505377,0.7753123518058666,0.6148429044411379,,,,62,962,6.4449064449064455,900,93.55509355509356
250,"DBSCAN (euclidean, eps=0.5, min_samples=3)",18,0.7627971529052358,0.7225315298125005,0.87355104235147,0.6160319247775032,0.7225315298125005,0.5072916666666668,0.7753123518058666,0.6132983983681067,,,,80,962,8.316008316008316,882,91.68399168399168
250,"DBSCAN (euclidean, eps=0.5, min_samples=4)",16,0.7571264289022636,0.7184839623414477,0.8613605654440639,0.6162625437978436,0.7184839623414477,0.5065543071161049,0.7748989980851734,0.6126300872092164,,,,89,962,9.251559251559252,873,90.74844074844076
250,"DBSCAN (euclidean, eps=0.5, min_samples=5)",13,0.7417040401897043,0.6995527149168166,0.8257842876247612,0.6067962356653033,0.6995527149168166,0.42531446540880496,0.7739122498690673,0.5489472017809731,,,,106,962,11.01871101871102,856,88.98128898128898
250,"DBSCAN (euclidean, eps=0.75, min_samples=2)",18,0.8616047827279718,0.8174554634189685,0.9534018346190734,0.7154402369965408,0.8174554634189685,0.5209722222222223,0.8121291883016021,0.6347555326563866,,,,24,962,2.494802494802495,938,97.5051975051975
250,"DBSCAN (euclidean, eps=0.75, min_samples=3)",13,0.860862207728108,0.8171967397172671,0.9404456069740661,0.7225092378677066,0.8171967397172673,0.5138235294117647,0.8121291883016021,0.6294207633452693,,,,34,962,3.5343035343035343,928,96.46569646569647
250,"DBSCAN (euclidean, eps=0.75, min_samples=4)",13,0.860862207728108,0.8171967397172671,0.9404456069740661,0.7225092378677066,0.8171967397172673,0.5138235294117647,0.8121291883016021,0.6294207633452693,,,,34,962,3.5343035343035343,928,96.46569646569647
250,"DBSCAN (euclidean, eps=0.75, min_samples=5)",11,0.8574908070016146,0.8075413519115306,0.9212674558336482,0.7188079188932907,0.8075413519115308,0.4346511627906977,0.8119380568031311,0.5662006617039215,,,,43,962,4.46985446985447,919,95.53014553014553
250,"DBSCAN (euclidean, eps=1.0, min_samples=2)",14,0.8638766605363584,0.8349922355322594,0.9616484253354831,0.7378163772324094,0.8349922355322595,0.5231481481481481,0.8383196644920782,0.6442537619522853,,,,18,962,1.8711018711018712,944,98.12889812889813
250,"DBSCAN (euclidean, eps=1.0, min_samples=3)",13,0.8637863424543463,0.8350156292899189,0.9593841253591402,0.7391915122767483,0.8350156292899189,0.5208333333333334,0.8383196644920782,0.6424954746888281,,,,20,962,2.079002079002079,942,97.92099792099792
250,"DBSCAN (euclidean, eps=1.0, min_samples=4)",13,0.8637863424543463,0.8350156292899189,0.9593841253591402,0.7391915122767483,0.8350156292899189,0.5208333333333334,0.8383196644920782,0.6424954746888281,,,,20,962,2.079002079002079,942,97.92099792099792
250,"DBSCAN (euclidean, eps=1.0, min_samples=5)",10,0.8628757478971026,0.8302695659966345,0.9412000361654687,0.742730812231409,0.8302695659966344,0.4393939393939394,0.8383196644920782,0.5765808217620572,,,,33,962,3.4303534303534304,929,96.56964656964658
250,"DBSCAN (euclidean, eps=1.25, min_samples=2)",12,0.9737716066442624,0.9248657190595637,0.969842039732867,0.8838760614192356,0.9248657190595638,0.6058335397572454,0.8823196644920782,0.7183922246853621,,,,11,962,1.1434511434511436,951,98.85654885654886
250,"DBSCAN (euclidean, eps=1.25, min_samples=3)",10,0.9735854334632679,0.9221210929983212,0.962499641994507,0.8849940400136835,0.9221210929983213,0.5275507114744171,0.8823196644920782,0.660299520701081,,,,15,962,1.5592515592515594,947,98.44074844074844
250,"DBSCAN (euclidean, eps=1.25, min_samples=4)",10,0.9735854334632679,0.9221210929983212,0.962499641994507,0.8849940400136835,0.9221210929983213,0.5275507114744171,0.8823196644920782,0.660299520701081,,,,15,962,1.5592515592515594,947,98.44074844074844
250,"DBSCAN (euclidean, eps=1.25, min_samples=5)",8,0.9731394189119913,0.9181953413083171,0.9504946652911334,0.888019038713773,0.9181953413083171,0.44904829601548,0.8823196644920782,0.5951835309752724,,,,23,962,2.390852390852391,939,97.60914760914761
250,"DBSCAN (euclidean, eps=1.5, min_samples=2)",10,0.9764189239499852,0.9388136323143436,0.9719292958094767,0.9078802536186518,0.9388136323143433,0.6071428571428571,0.9273043388215801,0.7338228479856411,,,,7,962,0.7276507276507277,955,99.27234927234927
250,"DBSCAN (euclidean, eps=1.5, min_samples=3)",9,0.9763537230758684,0.9367472485744229,0.9679052794122724,0.9075326839328235,0.936747248574423,0.537037037037037,0.9273043388215801,0.6801648615034583,,,,9,962,0.9355509355509356,953,99.06444906444906
250,"DBSCAN (euclidean, eps=1.5, min_samples=4)",9,0.9762031942660465,0.9352453591125667,0.9667731294241013,0.9057089729640234,0.9352453591125665,0.5333333333333333,0.9273043388215801,0.6771868526553017,,,,10,962,1.0395010395010396,952,98.96049896049897
250,"DBSCAN (euclidean, eps=1.5, min_samples=5)",7,0.9758686515593143,0.9313342405949746,0.9556902866350484,0.9081887842156712,0.9313342405949746,0.4537037037037037,0.9273043388215801,0.6092961083912911,,,,18,962,1.8711018711018712,944,98.12889812889813
250,"DBSCAN (euclidean, eps=1.75, min_samples=2)",7,0.974128285668434,0.9422880977163685,0.9483889786401392,0.9362652076642097,0.9422880977163686,0.4583333333333333,0.9653273273273273,0.6215549869677136,,,,2,962,0.2079002079002079,960,99.7920997920998
250,"DBSCAN (euclidean, eps=1.75, min_samples=3)",7,0.974128285668434,0.9422880977163685,0.9483889786401392,0.9362652076642097,0.9422880977163686,0.4583333333333333,0.9653273273273273,0.6215549869677136,,,,2,962,0.2079002079002079,960,99.7920997920998
250,"DBSCAN (euclidean, eps=1.75, min_samples=4)",7,0.9743044493006393,0.9435248499986779,0.9507454177538148,0.9364131307819968,0.9435248499986779,0.47222222222222227,0.9653273273273273,0.6342028569730865,,,,3,962,0.31185031185031187,959,99.68814968814968
250,"DBSCAN (euclidean, eps=1.75, min_samples=5)",6,0.9742488168552974,0.9414053604443865,0.9467104275582208,0.936159417866318,0.9414053604443864,0.44047619047619047,0.9653273273273273,0.6049262195161648,,,,7,962,0.7276507276507277,955,99.27234927234927
250,"DBSCAN (euclidean, eps=2.0, min_samples=2)",7,0.974128285668434,0.9422880977163685,0.9483889786401392,0.9362652076642097,0.9422880977163686,0.4583333333333333,0.9653273273273273,0.6215549869677136,,,,2,962,0.2079002079002079,960,99.7920997920998
250,"DBSCAN (euclidean, eps=2.0, min_samples=3)",7,0.974128285668434,0.9422880977163685,0.9483889786401392,0.9362652076642097,0.9422880977163686,0.4583333333333333,0.9653273273273273,0.6215549869677136,,,,2,962,0.2079002079002079,960,99.7920997920998
250,"DBSCAN (euclidean, eps=2.0, min_samples=4)",7,0.974128285668434,0.9422880977163685,0.9483889786401392,0.9362652076642097,0.9422880977163686,0.4583333333333333,0.9653273273273273,0.6215549869677136,,,,2,962,0.2079002079002079,960,99.7920997920998
250,"DBSCAN (euclidean, eps=2.0, min_samples=5)",6,0.9740912007400233,0.940591526259359,0.9451653760030198,0.9360617309275,0.940591526259359,0.4305555555555555,0.9653273273273273,0.59550417704384,,,,6,962,0.6237006237006237,956,99.37629937629939
250,"DBSCAN (euclidean, eps=2.5, min_samples=2)",6,0.9804637103438149,0.9648775475767556,0.9495591181229992,0.9806983192722395,0.9648775475767554,0.5,0.9991111111111111,0.6664690186777349,,,,1,962,0.10395010395010396,961,99.8960498960499
250,"DBSCAN (euclidean, eps=2.5, min_samples=3)",6,0.9804637103438149,0.9648775475767556,0.9495591181229992,0.9806983192722395,0.9648775475767554,0.5,0.9991111111111111,0.6664690186777349,,,,1,962,0.10395010395010396,961,99.8960498960499
250,"DBSCAN (euclidean, eps=2.5, min_samples=4)",6,0.9804637103438149,0.9648775475767556,0.9495591181229992,0.9806983192722395,0.9648775475767554,0.5,0.9991111111111111,0.6664690186777349,,,,1,962,0.10395010395010396,961,99.8960498960499
250,"DBSCAN (euclidean, eps=2.5, min_samples=5)",5,0.9804451673499048,0.9637656884879533,0.9474472267039651,0.9806561274356336,0.9637656884879534,0.4333333333333333,0.9991111111111111,0.6044885717240666,,,,5,962,0.5197505197505198,957,99.48024948024948
250,"DBSCAN (euclidean, eps=3.0, min_samples=2)",5,0.9873661609727604,0.9741175304367469,0.9495410627802772,0.9999999999999998,0.9741175304367466,0.5,1.0,0.6666666666666666,,,,1,962,0.10395010395010396,961,99.8960498960499
250,"DBSCAN (euclidean, eps=3.0, min_samples=3)",5,0.9873661609727604,0.9741175304367469,0.9495410627802772,0.9999999999999998,0.9741175304367466,0.5,1.0,0.6666666666666666,,,,1,962,0.10395010395010396,961,99.8960498960499
250,"DBSCAN (euclidean, eps=3.0, min_samples=4)",5,0.9873661609727604,0.9741175304367469,0.9495410627802772,0.9999999999999998,0.9741175304367466,0.5,1.0,0.6666666666666666,,,,1,962,0.10395010395010396,961,99.8960498960499
250,"DBSCAN (euclidean, eps=3.0, min_samples=5)",5,0.9873661609727604,0.9741175304367469,0.9495410627802772,0.9999999999999998,0.9741175304367466,0.5,1.0,0.6666666666666666,,,,1,962,0.10395010395010396,961,99.8960498960499
250,"DBSCAN (cosine, eps=0.1, min_samples=2)",2,-0.0016668257296314367,0.02106908623865386,0.011269710960047443,0.16148864174283886,0.02106908623865386,0.08333333333333333,0.9968888888888889,0.15380922992525545,,,,8,962,0.8316008316008316,954,99.16839916839916
250,"DBSCAN (cosine, eps=0.1, min_samples=3)",2,-0.0016668257296314367,0.02106908623865386,0.011269710960047443,0.16148864174283886,0.02106908623865386,0.08333333333333333,0.9968888888888889,0.15380922992525545,,,,8,962,0.8316008316008316,954,99.16839916839916
250,"DBSCAN (cosine, eps=0.1, min_samples=4)",2,-0.0016668257296314367,0.02106908623865386,0.011269710960047443,0.16148864174283886,0.02106908623865386,0.08333333333333333,0.9968888888888889,0.15380922992525545,,,,8,962,0.8316008316008316,954,99.16839916839916
250,"DBSCAN (cosine, eps=0.1, min_samples=5)",2,-0.0016668257296314367,0.02106908623865386,0.011269710960047443,0.16148864174283886,0.02106908623865386,0.08333333333333333,0.9968888888888889,0.15380922992525545,,,,8,962,0.8316008316008316,954,99.16839916839916
